observed_at,rain_mm,rain_forecast,temperature_c,temperature_forecast,event_intensity
2026-07-26T05:00:00+00:00,0.0,0.92,9.47,8.49,0.0
2026-07-26T05:15:00+00:00,0.0,0.28,10.2,8.76,0.0
2026-07-26T05:30:00+00:00,0.0,0.75,8.02,9.17,0.0
2026-07-26T05:45:00+00:00,0.0,0.0,9.58,11.03,0.0
2026-07-26T06:00:00+00:00,0.0,0.0,8.65,7.99,0.0
2026-07-26T06:15:00+00:00,1.31,1.14,8.64,10.07,0.0
2026-07-26T06:30:00+00:00,1.07,1.04,8.06,7.59,0.0
2026-07-26T06:45:00+00:00,0.88,0.28,9.29,9.75,0.0
2026-07-26T07:00:00+00:00,0.72,0.42,9.06,8.29,0.0
2026-07-26T07:15:00+00:00,0.59,0.26,9.29,9.51,0.0
2026-07-26T07:30:00+00:00,0.48,1.0,8.16,7.94,0.0
2026-07-26T07:45:00+00:00,0.4,0.17,8.79,9.32,0.0
2026-07-26T08:00:00+00:00,0.33,0.32,7.89,8.97,0.0
2026-07-26T08:15:00+00:00,0.27,0.0,9.68,10.97,0.0
2026-07-26T08:30:00+00:00,0.22,0.14,9.53,8.91,0.0
2026-07-26T08:45:00+00:00,0.18,0.0,9.55,9.63,0.0
2026-07-26T09:00:00+00:00,0.15,0.79,9.48,9.17,0.0
2026-07-26T09:15:00+00:00,0.12,0.0,10.25,10.3,0.0
2026-07-26T09:30:00+00:00,0.1,0.55,10.59,10.55,0.0
2026-07-26T09:45:00+00:00,0.08,0.0,9.2,8.96,0.0
2026-07-26T10:00:00+00:00,0.07,0.0,11.03,10.33,0.0
2026-07-26T10:15:00+00:00,0.05,0.36,10.16,9.9,0.0
2026-07-26T10:30:00+00:00,0.04,0.6,11.23,11.17,0.0
2026-07-26T10:45:00+00:00,1.85,2.05,11.82,10.08,0.0
2026-07-26T11:00:00+00:00,1.52,1.61,11.69,11.61,0.0
2026-07-26T11:15:00+00:00,1.51,0.71,12.27,12.65,0.0
2026-07-26T11:30:00+00:00,1.24,1.62,12.59,13.09,0.0
2026-07-26T11:45:00+00:00,1.02,1.74,12.79,13.26,0.0
2026-07-26T12:00:00+00:00,0.83,0.4,13.14,12.61,0.0
2026-07-26T12:15:00+00:00,0.91,0.95,11.47,11.41,0.0
2026-07-26T12:30:00+00:00,0.74,1.03,13.03,13.85,0.0
2026-07-26T12:45:00+00:00,0.61,0.41,13.41,14.16,0.0
2026-07-26T13:00:00+00:00,0.5,0.69,15.47,15.74,0.0
2026-07-26T13:15:00+00:00,0.41,0.11,14.68,15.11,0.0
2026-07-26T13:30:00+00:00,0.34,0.81,14.18,14.58,0.0
2026-07-26T13:45:00+00:00,0.28,0.51,16.48,15.78,0.0
2026-07-26T14:00:00+00:00,0.23,0.39,16.34,15.9,0.0
2026-07-26T14:15:00+00:00,0.19,0.91,15.84,15.99,0.0
2026-07-26T14:30:00+00:00,1.35,1.5,17.09,16.71,0.0
2026-07-26T14:45:00+00:00,1.11,2.1,16.55,16.53,0.0
2026-07-26T15:00:00+00:00,0.91,1.57,17.52,18.78,0.0
2026-07-26T15:15:00+00:00,0.74,0.33,18.77,18.75,0.0
2026-07-26T15:30:00+00:00,0.61,0.73,18.3,17.91,0.0
2026-07-26T15:45:00+00:00,0.5,0.97,19.9,18.91,0.0
2026-07-26T16:00:00+00:00,0.41,0.01,19.03,18.36,0.0
2026-07-26T16:15:00+00:00,0.34,0.49,19.42,20.66,0.0
2026-07-26T16:30:00+00:00,0.28,0.04,18.12,19.84,0.0
2026-07-26T16:45:00+00:00,0.23,0.12,18.89,19.03,0.0
2026-07-26T17:00:00+00:00,0.19,0.84,19.21,16.94,0.0
2026-07-26T17:15:00+00:00,0.15,0.52,19.92,19.1,0.0
2026-07-26T17:30:00+00:00,0.12,0.0,19.77,18.5,0.0
2026-07-26T17:45:00+00:00,0.1,0.0,19.75,20.07,0.0
2026-07-26T18:00:00+00:00,0.08,1.0,19.52,18.77,0.0
2026-07-26T18:15:00+00:00,0.07,0.0,20.32,21.62,0.0
2026-07-26T18:30:00+00:00,0.06,0.9,20.06,20.52,0.0
2026-07-26T18:45:00+00:00,0.05,0.23,20.68,20.82,0.0
2026-07-26T19:00:00+00:00,0.04,0.19,20.91,21.35,0.0
2026-07-26T19:15:00+00:00,0.03,0.0,19.76,19.32,0.0
2026-07-26T19:30:00+00:00,0.03,0.0,20.06,21.81,0.0
2026-07-26T19:45:00+00:00,0.19,0.66,20.58,20.88,0.0
2026-07-26T20:00:00+00:00,0.16,0.21,19.62,18.61,0.0
2026-07-26T20:15:00+00:00,0.13,0.5,20.57,21.18,0.0
2026-07-26T20:30:00+00:00,1.26,1.05,20.48,21.26,0.0
2026-07-26T20:45:00+00:00,1.04,1.92,21.02,21.07,0.0
2026-07-26T21:00:00+00:00,0.85,0.69,19.91,20.18,0.0
2026-07-26T21:15:00+00:00,0.7,0.82,19.42,19.06,0.0
2026-07-26T21:30:00+00:00,0.57,0.0,18.99,18.68,0.0
2026-07-26T21:45:00+00:00,0.47,1.8,19.04,17.86,0.0
2026-07-26T22:00:00+00:00,0.38,0.01,18.5,18.59,0.0
2026-07-26T22:15:00+00:00,0.32,0.0,19.13,18.68,0.0
2026-07-26T22:30:00+00:00,0.26,0.0,17.94,18.03,0.0
2026-07-26T22:45:00+00:00,0.21,0.0,17.43,16.84,0.0
2026-07-26T23:00:00+00:00,0.17,0.17,17.28,17.36,0.0
2026-07-26T23:15:00+00:00,0.14,0.05,17.88,17.6,0.0
2026-07-26T23:30:00+00:00,0.12,0.14,16.85,15.27,0.0
2026-07-26T23:45:00+00:00,0.1,0.21,16.1,15.19,0.0
2026-07-27T00:00:00+00:00,0.08,0.56,16.76,18.14,0.0
2026-07-27T00:15:00+00:00,0.06,0.81,15.22,14.52,0.0
2026-07-27T00:30:00+00:00,0.05,0.3,16.1,16.09,0.0
2026-07-27T00:45:00+00:00,0.04,0.0,14.8,15.3,0.0
2026-07-27T01:00:00+00:00,0.04,0.0,13.6,13.69,0.0
2026-07-27T01:15:00+00:00,0.03,0.63,14.12,12.95,0.0
2026-07-27T01:30:00+00:00,0.02,0.04,12.9,13.63,0.0
2026-07-27T01:45:00+00:00,0.02,0.41,11.94,11.1,0.0
2026-07-27T02:00:00+00:00,0.02,0.0,13.78,13.43,0.0
2026-07-27T02:15:00+00:00,0.01,0.09,12.76,12.06,0.0
2026-07-27T02:30:00+00:00,3.72,4.39,12.82,11.32,0.0
2026-07-27T02:45:00+00:00,3.05,3.62,12.13,12.62,0.0
2026-07-27T03:00:00+00:00,2.5,2.21,11.87,11.39,0.0
2026-07-27T03:15:00+00:00,2.05,2.53,12.14,11.27,0.0
2026-07-27T03:30:00+00:00,1.68,1.38,10.59,10.12,0.0
2026-07-27T03:45:00+00:00,1.38,1.09,10.69,10.73,0.0
2026-07-27T04:00:00+00:00,1.13,1.46,10.08,9.19,0.0
2026-07-27T04:15:00+00:00,0.93,0.41,9.76,9.01,0.0
2026-07-27T04:30:00+00:00,0.76,0.42,11.14,11.26,0.0
2026-07-27T04:45:00+00:00,0.62,0.01,9.82,9.7,0.0
2026-07-27T05:00:00+00:00,0.51,0.69,8.08,7.61,0.0
2026-07-27T05:15:00+00:00,0.42,0.79,8.7,8.99,0.0
2026-07-27T05:30:00+00:00,0.34,0.0,8.89,9.4,0.0
2026-07-27T05:45:00+00:00,0.28,0.67,9.64,9.87,0.0
2026-07-27T06:00:00+00:00,0.23,0.08,9.43,8.9,0.0
2026-07-27T06:15:00+00:00,0.19,0.72,9.07,9.94,0.0
2026-07-27T06:30:00+00:00,0.16,0.0,8.02,6.58,0.0
2026-07-27T06:45:00+00:00,0.13,0.0,7.22,6.24,0.0
2026-07-27T07:00:00+00:00,0.1,0.22,9.09,9.15,0.0
2026-07-27T07:15:00+00:00,0.09,0.0,7.81,7.1,0.0
2026-07-27T07:30:00+00:00,0.07,0.71,8.47,9.69,0.0
2026-07-27T07:45:00+00:00,0.06,0.5,9.05,8.51,0.0
2026-07-27T08:00:00+00:00,0.05,0.0,7.83,8.17,0.0
2026-07-27T08:15:00+00:00,0.04,0.0,8.8,8.6,0.0
2026-07-27T08:30:00+00:00,0.03,0.36,8.25,8.65,0.0
2026-07-27T08:45:00+00:00,0.03,0.88,10.15,7.99,0.0
2026-07-27T09:00:00+00:00,0.02,0.2,9.75,11.64,0.0
2026-07-27T09:15:00+00:00,0.02,0.24,10.41,9.44,0.0
2026-07-27T09:30:00+00:00,0.01,0.44,9.76,8.86,0.0
2026-07-27T09:45:00+00:00,0.01,0.21,10.52,9.36,0.0
2026-07-27T10:00:00+00:00,0.01,0.12,10.16,9.33,0.0
2026-07-27T10:15:00+00:00,0.01,0.0,13.04,12.36,0.0
2026-07-27T10:30:00+00:00,0.23,1.15,12.13,12.42,0.0
2026-07-27T10:45:00+00:00,0.19,0.0,11.5,12.39,0.0
2026-07-27T11:00:00+00:00,0.15,0.45,10.22,10.84,0.0
2026-07-27T11:15:00+00:00,0.13,0.12,10.81,10.86,0.0
2026-07-27T11:30:00+00:00,0.1,0.13,12.7,13.45,0.0
2026-07-27T11:45:00+00:00,0.08,0.19,11.7,12.53,0.0
2026-07-27T12:00:00+00:00,0.17,0.67,12.92,13.67,0.0
2026-07-27T12:15:00+00:00,0.14,0.3,14.73,14.61,0.0
2026-07-27T12:30:00+00:00,0.12,0.0,13.73,13.0,0.0
2026-07-27T12:45:00+00:00,0.1,0.0,12.9,13.74,0.0
2026-07-27T13:00:00+00:00,0.08,0.0,14.69,15.58,0.0
2026-07-27T13:15:00+00:00,0.06,0.0,13.86,13.81,0.0
2026-07-27T13:30:00+00:00,0.05,0.0,14.38,15.08,0.0
2026-07-27T13:45:00+00:00,0.04,0.75,15.76,16.09,0.0
2026-07-27T14:00:00+00:00,0.04,0.0,16.05,17.28,0.0
2026-07-27T14:15:00+00:00,0.03,0.57,16.4,16.3,0.0
2026-07-27T14:30:00+00:00,0.02,0.0,16.91,15.96,0.0
2026-07-27T14:45:00+00:00,0.02,0.0,15.99,15.12,0.0
2026-07-27T15:00:00+00:00,0.02,0.13,18.09,18.09,0.0
2026-07-27T15:15:00+00:00,0.01,0.44,18.03,17.99,0.0
2026-07-27T15:30:00+00:00,0.01,0.13,17.17,16.1,0.0
2026-07-27T15:45:00+00:00,0.01,1.11,17.31,17.8,0.0
2026-07-27T16:00:00+00:00,0.44,1.65,19.44,19.28,0.0
2026-07-27T16:15:00+00:00,0.36,0.83,18.95,18.91,0.0
2026-07-27T16:30:00+00:00,0.3,0.14,20.38,19.17,0.0
2026-07-27T16:45:00+00:00,0.24,0.0,20.04,19.93,0.0
2026-07-27T17:00:00+00:00,0.2,0.03,18.71,19.52,0.0
2026-07-27T17:15:00+00:00,0.16,0.45,20.24,19.98,0.0
2026-07-27T17:30:00+00:00,0.13,0.38,20.7,19.93,0.0
2026-07-27T17:45:00+00:00,0.11,0.0,19.39,19.46,0.0
2026-07-27T18:00:00+00:00,0.09,0.41,20.37,20.39,0.0
2026-07-27T18:15:00+00:00,0.07,0.79,21.19,21.57,0.0
2026-07-27T18:30:00+00:00,0.06,0.23,19.84,20.48,0.0
2026-07-27T18:45:00+00:00,0.05,0.0,21.37,21.62,0.0
2026-07-27T19:00:00+00:00,0.04,0.56,21.19,20.55,0.0
2026-07-27T19:15:00+00:00,0.03,0.51,21.71,22.11,0.0
2026-07-27T19:30:00+00:00,0.56,0.34,20.11,20.42,0.0
2026-07-27T19:45:00+00:00,0.46,1.03,20.13,21.61,0.0
2026-07-27T20:00:00+00:00,0.37,0.47,19.62,18.6,0.0
2026-07-27T20:15:00+00:00,0.31,0.0,20.25,20.65,0.0
2026-07-27T20:30:00+00:00,0.25,0.38,18.41,18.8,0.0
2026-07-27T20:45:00+00:00,0.21,0.0,18.97,18.03,0.0
2026-07-27T21:00:00+00:00,0.17,0.0,19.91,20.48,0.0
2026-07-27T21:15:00+00:00,0.14,0.11,19.7,19.39,0.0
2026-07-27T21:30:00+00:00,0.11,0.0,19.41,18.77,0.0
2026-07-27T21:45:00+00:00,0.09,0.61,19.58,18.37,0.0
2026-07-27T22:00:00+00:00,0.08,0.43,18.43,19.06,0.0
2026-07-27T22:15:00+00:00,0.06,0.01,18.7,19.38,0.0
2026-07-27T22:30:00+00:00,0.05,1.43,18.41,18.2,0.0
2026-07-27T22:45:00+00:00,0.04,0.0,17.02,17.66,0.0
2026-07-27T23:00:00+00:00,0.03,0.0,18.05,17.9,0.0
2026-07-27T23:15:00+00:00,0.03,0.0,16.29,16.69,0.0
2026-07-27T23:30:00+00:00,0.02,0.77,16.74,18.08,0.0
2026-07-27T23:45:00+00:00,0.02,0.0,16.11,14.33,0.0
2026-07-28T00:00:00+00:00,0.02,0.0,16.61,16.9,0.0
2026-07-28T00:15:00+00:00,0.01,0.0,16.17,15.22,0.0
2026-07-28T00:30:00+00:00,0.01,0.0,14.34,14.4,0.0
2026-07-28T00:45:00+00:00,0.01,0.71,15.34,16.77,0.0
2026-07-28T01:00:00+00:00,0.01,0.0,14.0,15.49,0.0
2026-07-28T01:15:00+00:00,0.01,0.0,13.68,13.18,0.0
2026-07-28T01:30:00+00:00,0.0,0.41,14.75,15.53,0.0
2026-07-28T01:45:00+00:00,0.0,0.18,13.55,12.92,0.0
2026-07-28T02:00:00+00:00,0.0,0.5,13.78,12.25,0.0
2026-07-28T02:15:00+00:00,0.0,0.0,12.16,12.48,0.0
2026-07-28T02:30:00+00:00,0.0,0.18,12.27,12.84,0.0
2026-07-28T02:45:00+00:00,0.0,0.09,12.09,12.45,0.0
2026-07-28T03:00:00+00:00,0.0,0.39,10.7,9.53,0.0
2026-07-28T03:15:00+00:00,0.0,0.0,10.9,10.44,0.0
2026-07-28T03:30:00+00:00,0.0,0.0,10.76,10.69,0.0
2026-07-28T03:45:00+00:00,0.0,0.0,9.8,9.68,0.0
2026-07-28T04:00:00+00:00,0.0,0.0,10.52,10.86,0.0
2026-07-28T04:15:00+00:00,0.0,0.23,10.67,10.61,0.0
2026-07-28T04:30:00+00:00,0.0,0.0,10.03,8.44,0.0
2026-07-28T04:45:00+00:00,0.0,0.0,9.86,9.78,0.0
2026-07-28T05:00:00+00:00,0.0,0.0,9.78,9.94,0.0
2026-07-28T05:15:00+00:00,0.19,1.11,8.79,8.84,0.0
2026-07-28T05:30:00+00:00,0.15,0.0,10.16,11.32,0.0
2026-07-28T05:45:00+00:00,0.13,0.53,8.88,8.86,0.0
2026-07-28T06:00:00+00:00,0.1,0.0,8.53,9.76,0.0
2026-07-28T06:15:00+00:00,0.08,0.02,10.35,10.52,0.0
2026-07-28T06:30:00+00:00,0.07,0.0,8.73,7.08,0.0
2026-07-28T06:45:00+00:00,0.06,0.0,8.0,8.15,0.0
2026-07-28T07:00:00+00:00,0.05,0.0,8.03,8.43,0.0
2026-07-28T07:15:00+00:00,0.04,0.2,7.91,8.48,0.0
2026-07-28T07:30:00+00:00,0.03,0.31,8.05,9.31,0.0
2026-07-28T07:45:00+00:00,0.03,0.5,9.39,8.3,0.0
2026-07-28T08:00:00+00:00,0.02,0.0,9.02,9.68,0.0
2026-07-28T08:15:00+00:00,0.02,0.0,8.71,9.14,0.0
2026-07-28T08:30:00+00:00,0.01,0.0,8.39,10.48,0.0
2026-07-28T08:45:00+00:00,0.01,0.0,8.88,9.77,0.0
2026-07-28T09:00:00+00:00,0.82,0.97,9.19,7.81,0.0
2026-07-28T09:15:00+00:00,0.67,0.36,10.72,9.17,0.0
2026-07-28T09:30:00+00:00,0.55,0.67,9.36,9.7,0.0
2026-07-28T09:45:00+00:00,0.45,0.0,9.98,9.97,0.0
2026-07-28T10:00:00+00:00,0.37,0.49,10.93,10.38,0.0
2026-07-28T10:15:00+00:00,0.3,0.4,10.71,11.42,0.0
2026-07-28T10:30:00+00:00,0.25,0.0,11.73,13.12,0.0
2026-07-28T10:45:00+00:00,0.2,0.99,12.88,12.55,0.0
2026-07-28T11:00:00+00:00,0.17,0.35,11.83,10.93,0.0
2026-07-28T11:15:00+00:00,0.14,0.45,13.52,13.73,0.0
2026-07-28T11:30:00+00:00,0.11,0.38,11.29,11.69,0.0
2026-07-28T11:45:00+00:00,0.09,0.0,11.45,11.11,0.0
2026-07-28T12:00:00+00:00,0.08,0.1,12.56,11.83,0.0
2026-07-28T12:15:00+00:00,0.06,0.0,13.82,13.38,0.0
2026-07-28T12:30:00+00:00,0.05,0.57,14.56,15.4,0.0
2026-07-28T12:45:00+00:00,0.04,0.0,14.77,14.78,0.0
2026-07-28T13:00:00+00:00,0.03,0.21,14.04,14.02,0.0
2026-07-28T13:15:00+00:00,0.03,0.4,15.27,15.31,0.0
2026-07-28T13:30:00+00:00,0.02,0.0,15.55,16.01,0.0
2026-07-28T13:45:00+00:00,0.03,0.0,14.69,13.61,0.0
2026-07-28T14:00:00+00:00,0.03,0.0,17.14,16.45,0.0
2026-07-28T14:15:00+00:00,0.02,0.08,16.89,16.23,0.0
2026-07-28T14:30:00+00:00,0.02,0.25,15.51,14.65,0.0
2026-07-28T14:45:00+00:00,0.01,0.26,17.13,17.09,0.0
2026-07-28T15:00:00+00:00,0.01,0.35,17.46,16.72,0.0
2026-07-28T15:15:00+00:00,1.59,1.5,17.64,18.45,0.0
2026-07-28T15:30:00+00:00,1.31,1.16,16.8,16.67,0.0
2026-07-28T15:45:00+00:00,1.07,0.37,18.39,19.09,0.0
2026-07-28T16:00:00+00:00,0.88,1.28,17.5,17.34,0.0
2026-07-28T16:15:00+00:00,0.72,0.0,18.88,18.66,0.0
2026-07-28T16:30:00+00:00,0.59,0.56,20.57,19.92,0.0
2026-07-28T16:45:00+00:00,2.12,2.82,19.97,19.33,0.0
2026-07-28T17:00:00+00:00,1.74,1.81,20.05,21.06,0.0
2026-07-28T17:15:00+00:00,1.42,1.36,19.53,20.77,0.0
2026-07-28T17:30:00+00:00,1.17,0.88,20.15,21.4,0.0
2026-07-28T17:45:00+00:00,0.96,1.43,21.14,20.13,0.0
2026-07-28T18:00:00+00:00,0.79,0.63,20.49,20.37,0.0
2026-07-28T18:15:00+00:00,0.64,0.8,19.32,19.61,0.0
2026-07-28T18:30:00+00:00,0.53,0.0,20.28,20.15,0.0
2026-07-28T18:45:00+00:00,0.43,0.41,20.21,21.8,0.0
2026-07-28T19:00:00+00:00,0.36,1.09,20.39,20.19,0.0
2026-07-28T19:15:00+00:00,0.29,0.28,20.98,21.42,0.0
2026-07-28T19:30:00+00:00,0.24,0.0,20.68,23.57,0.0
2026-07-28T19:45:00+00:00,0.2,0.66,19.79,19.82,0.0
2026-07-28T20:00:00+00:00,0.16,0.27,20.13,20.68,0.0
2026-07-28T20:15:00+00:00,0.13,0.0,21.14,21.11,0.0
2026-07-28T20:30:00+00:00,0.11,0.0,20.23,21.1,0.0
2026-07-28T20:45:00+00:00,0.09,0.23,18.93,19.57,0.0
2026-07-28T21:00:00+00:00,0.15,0.29,19.29,19.44,0.0
2026-07-28T21:15:00+00:00,0.13,0.0,19.41,19.68,0.0
2026-07-28T21:30:00+00:00,0.1,0.16,19.47,18.75,0.0
2026-07-28T21:45:00+00:00,0.08,0.17,19.66,20.17,0.0
2026-07-28T22:00:00+00:00,0.07,0.0,19.74,19.65,0.0
2026-07-28T22:15:00+00:00,0.06,0.0,17.55,17.7,0.0
2026-07-28T22:30:00+00:00,0.05,0.28,17.79,18.12,0.0
2026-07-28T22:45:00+00:00,0.04,0.0,17.8,18.03,0.0
2026-07-28T23:00:00+00:00,0.03,0.93,17.97,17.73,0.0
2026-07-28T23:15:00+00:00,0.03,0.0,17.58,16.61,0.0
2026-07-28T23:30:00+00:00,0.02,0.77,17.81,18.62,0.0
2026-07-28T23:45:00+00:00,0.02,0.0,16.19,15.5,0.0
2026-07-29T00:00:00+00:00,0.01,0.81,17.57,17.8,0.0
2026-07-29T00:15:00+00:00,0.01,0.11,16.45,16.96,0.0
2026-07-29T00:30:00+00:00,0.01,0.0,15.61,16.32,0.0
2026-07-29T00:45:00+00:00,0.01,0.0,15.31,15.07,0.0
2026-07-29T01:00:00+00:00,0.01,0.2,15.38,16.69,0.0
2026-07-29T01:15:00+00:00,0.01,0.0,14.4,15.01,0.0
2026-07-29T01:30:00+00:00,0.0,0.0,12.84,12.88,0.0
2026-07-29T01:45:00+00:00,0.0,0.0,12.25,13.56,0.0
2026-07-29T02:00:00+00:00,0.0,0.0,13.83,14.46,0.0
2026-07-29T02:15:00+00:00,0.0,0.17,12.0,11.9,0.0
2026-07-29T02:30:00+00:00,0.0,0.09,11.76,10.35,0.0
2026-07-29T02:45:00+00:00,0.0,0.0,12.16,10.85,0.0
2026-07-29T03:00:00+00:00,0.0,0.63,12.25,12.08,0.0
2026-07-29T03:15:00+00:00,0.0,0.4,11.63,10.37,0.0
2026-07-29T03:30:00+00:00,0.0,0.1,12.99,12.96,0.0
2026-07-29T03:45:00+00:00,0.0,0.0,11.31,11.91,0.0
2026-07-29T04:00:00+00:00,0.0,0.15,11.25,10.68,0.0
2026-07-29T04:15:00+00:00,0.0,0.0,8.79,9.2,0.0
2026-07-29T04:30:00+00:00,0.0,0.0,9.7,8.68,0.0
2026-07-29T04:45:00+00:00,0.0,0.0,9.86,10.32,0.0
2026-07-29T05:00:00+00:00,0.0,0.0,9.75,10.73,0.0
2026-07-29T05:15:00+00:00,0.0,0.0,9.53,7.89,0.0
2026-07-29T05:30:00+00:00,0.0,0.0,8.39,8.17,0.0
2026-07-29T05:45:00+00:00,0.0,0.11,10.13,10.13,0.0
2026-07-29T06:00:00+00:00,0.0,0.0,8.14,8.1,0.0
2026-07-29T06:15:00+00:00,0.0,0.0,9.79,8.17,0.0
2026-07-29T06:30:00+00:00,0.0,0.33,9.54,9.31,0.0
2026-07-29T06:45:00+00:00,0.0,0.0,8.2,6.92,0.0
2026-07-29T07:00:00+00:00,0.0,0.05,9.45,8.99,0.0
2026-07-29T07:15:00+00:00,0.0,0.0,9.15,9.66,0.0
2026-07-29T07:30:00+00:00,0.0,0.0,7.56,7.55,0.0
2026-07-29T07:45:00+00:00,0.0,0.36,8.38,8.33,0.0
2026-07-29T08:00:00+00:00,0.0,0.47,9.16,8.32,0.0
2026-07-29T08:15:00+00:00,0.0,0.03,9.69,8.51,0.0
2026-07-29T08:30:00+00:00,0.0,0.25,9.52,9.46,0.0
2026-07-29T08:45:00+00:00,0.0,0.06,9.67,9.55,0.0
2026-07-29T09:00:00+00:00,0.0,0.46,9.18,8.54,0.0
2026-07-29T09:15:00+00:00,0.0,0.0,9.42,9.86,0.0
2026-07-29T09:30:00+00:00,0.0,0.0,9.39,10.26,0.0
2026-07-29T09:45:00+00:00,0.0,0.0,9.49,8.97,0.0
2026-07-29T10:00:00+00:00,0.0,0.19,11.28,9.47,0.0
2026-07-29T10:15:00+00:00,0.0,0.0,11.59,11.0,0.0
2026-07-29T10:30:00+00:00,0.0,0.0,10.91,10.77,0.0
2026-07-29T10:45:00+00:00,0.0,0.64,12.01,11.05,0.0
2026-07-29T11:00:00+00:00,0.0,0.0,10.65,9.14,0.0
2026-07-29T11:15:00+00:00,0.0,0.0,11.96,11.99,0.0
2026-07-29T11:30:00+00:00,0.0,0.0,11.81,11.95,0.0
2026-07-29T11:45:00+00:00,0.0,0.26,12.04,11.83,0.0
2026-07-29T12:00:00+00:00,0.0,0.28,13.66,13.62,0.0
2026-07-29T12:15:00+00:00,0.0,0.09,12.66,12.96,0.0
2026-07-29T12:30:00+00:00,0.0,0.37,14.7,14.19,0.0
2026-07-29T12:45:00+00:00,0.0,0.0,14.26,14.66,0.0
2026-07-29T13:00:00+00:00,0.0,0.31,14.8,15.56,0.0
2026-07-29T13:15:00+00:00,0.0,0.0,14.83,14.59,0.0
2026-07-29T13:30:00+00:00,0.0,0.24,13.64,14.45,0.0
2026-07-29T13:45:00+00:00,0.0,0.45,16.77,17.39,0.0
2026-07-29T14:00:00+00:00,0.0,0.34,15.94,15.69,0.0
2026-07-29T14:15:00+00:00,0.0,0.7,15.57,14.08,0.0
2026-07-29T14:30:00+00:00,0.0,0.0,15.45,14.33,0.0
2026-07-29T14:45:00+00:00,0.02,0.0,18.98,18.89,0.0
2026-07-29T15:00:00+00:00,0.02,0.0,16.01,16.26,0.0
2026-07-29T15:15:00+00:00,0.02,0.21,18.32,19.07,0.0
2026-07-29T15:30:00+00:00,0.01,0.0,18.98,19.45,0.0
2026-07-29T15:45:00+00:00,0.01,0.14,18.35,19.09,0.0
2026-07-29T16:00:00+00:00,0.01,0.65,19.2,16.91,0.0
2026-07-29T16:15:00+00:00,0.01,0.0,20.22,20.96,0.0
2026-07-29T16:30:00+00:00,0.01,0.43,20.3,19.65,0.0
2026-07-29T16:45:00+00:00,0.0,0.08,19.25,19.3,0.0
2026-07-29T17:00:00+00:00,0.0,0.0,19.18,19.27,0.0
2026-07-29T17:15:00+00:00,0.0,0.12,18.89,19.32,0.0
2026-07-29T17:30:00+00:00,0.0,0.0,20.25,21.4,0.0
2026-07-29T17:45:00+00:00,0.0,0.16,20.08,19.18,0.0
2026-07-29T18:00:00+00:00,0.0,0.32,21.3,21.75,0.0
2026-07-29T18:15:00+00:00,0.01,0.92,20.01,19.92,0.0
2026-07-29T18:30:00+00:00,0.01,0.16,20.69,22.35,0.0
2026-07-29T18:45:00+00:00,0.01,0.09,19.96,19.0,0.0
2026-07-29T19:00:00+00:00,0.01,0.25,20.52,20.86,0.0
2026-07-29T19:15:00+00:00,0.01,0.49,19.14,17.85,0.0
2026-07-29T19:30:00+00:00,0.0,0.85,19.67,19.96,0.0
2026-07-29T19:45:00+00:00,0.0,0.0,20.65,19.76,0.0
2026-07-29T20:00:00+00:00,0.0,0.0,19.37,19.34,0.0
2026-07-29T20:15:00+00:00,0.0,0.0,19.61,20.07,0.0
2026-07-29T20:30:00+00:00,0.0,0.0,20.51,20.43,0.0
2026-07-29T20:45:00+00:00,0.0,0.77,19.88,19.81,0.0
2026-07-29T21:00:00+00:00,0.0,0.42,20.73,22.14,0.0
2026-07-29T21:15:00+00:00,0.0,0.0,19.16,20.22,0.0
2026-07-29T21:30:00+00:00,0.0,0.0,17.82,18.53,0.0
2026-07-29T21:45:00+00:00,0.0,0.0,19.37,19.02,0.0
2026-07-29T22:00:00+00:00,0.0,0.0,18.53,18.73,0.0
2026-07-29T22:15:00+00:00,0.0,0.0,17.28,16.8,0.0
2026-07-29T22:30:00+00:00,0.0,0.0,17.6,17.51,0.0
2026-07-29T22:45:00+00:00,0.0,0.34,18.01,19.73,0.0
2026-07-29T23:00:00+00:00,0.0,0.28,17.18,17.15,0.0
2026-07-29T23:15:00+00:00,0.0,0.2,17.44,17.91,0.0
2026-07-29T23:30:00+00:00,0.0,0.65,17.12,17.64,0.0
2026-07-29T23:45:00+00:00,0.0,0.15,16.56,16.78,0.0
2026-07-30T00:00:00+00:00,0.0,0.38,15.82,16.75,0.0
2026-07-30T00:15:00+00:00,0.0,0.36,16.07,15.49,0.0
2026-07-30T00:30:00+00:00,0.0,0.0,13.21,13.11,0.0
2026-07-30T00:45:00+00:00,0.0,0.24,15.0,14.15,0.0
2026-07-30T01:00:00+00:00,0.0,0.09,14.53,14.45,0.0
2026-07-30T01:15:00+00:00,0.0,0.0,14.44,12.22,0.0
2026-07-30T01:30:00+00:00,0.27,0.0,13.48,12.94,0.0
2026-07-30T01:45:00+00:00,0.22,0.43,13.36,13.22,0.0
2026-07-30T02:00:00+00:00,0.18,0.03,13.79,13.24,0.0
2026-07-30T02:15:00+00:00,0.15,0.0,13.02,13.36,0.0
2026-07-30T02:30:00+00:00,0.12,0.0,12.04,11.88,0.0
2026-07-30T02:45:00+00:00,0.1,0.75,12.73,11.56,0.0
2026-07-30T03:00:00+00:00,0.08,0.11,12.43,11.45,0.0
2026-07-30T03:15:00+00:00,0.07,0.29,10.83,10.53,0.0
2026-07-30T03:30:00+00:00,0.05,0.0,10.49,9.2,0.0
2026-07-30T03:45:00+00:00,0.04,0.0,11.62,10.61,0.0
2026-07-30T04:00:00+00:00,0.04,0.24,9.67,8.44,0.0
2026-07-30T04:15:00+00:00,0.03,0.0,10.41,10.37,0.0
2026-07-30T04:30:00+00:00,0.02,0.0,9.05,9.06,0.0
2026-07-30T04:45:00+00:00,0.02,0.0,9.59,9.75,0.0
2026-07-30T05:00:00+00:00,0.02,0.0,9.38,9.14,0.0
2026-07-30T05:15:00+00:00,0.01,0.0,10.43,8.98,0.0
2026-07-30T05:30:00+00:00,0.01,0.0,7.62,8.06,0.0
2026-07-30T05:45:00+00:00,0.01,0.0,8.9,8.11,0.0
2026-07-30T06:00:00+00:00,0.01,0.0,7.29,7.97,0.0
2026-07-30T06:15:00+00:00,0.01,0.0,8.19,6.68,0.0
2026-07-30T06:30:00+00:00,0.01,0.55,8.49,8.43,0.0
2026-07-30T06:45:00+00:00,0.0,0.0,8.41,7.61,0.0
2026-07-30T07:00:00+00:00,0.0,0.25,8.2,8.68,0.0
2026-07-30T07:15:00+00:00,0.0,0.0,9.21,8.68,0.0
2026-07-30T07:30:00+00:00,0.0,0.7,10.08,10.61,0.0
2026-07-30T07:45:00+00:00,0.0,0.0,8.32,9.14,0.0
2026-07-30T08:00:00+00:00,0.0,1.02,10.2,9.46,0.0
2026-07-30T08:15:00+00:00,0.0,0.2,8.24,6.8,0.0
2026-07-30T08:30:00+00:00,0.0,0.0,8.25,7.49,0.0
2026-07-30T08:45:00+00:00,0.0,0.0,9.29,10.0,0.0
2026-07-30T09:00:00+00:00,0.0,0.0,10.25,10.42,0.0
2026-07-30T09:15:00+00:00,0.0,0.53,9.04,6.76,0.0
2026-07-30T09:30:00+00:00,0.0,0.17,9.89,9.2,0.0
2026-07-30T09:45:00+00:00,0.8,0.0,10.47,9.55,0.0
2026-07-30T10:00:00+00:00,0.66,0.1,11.29,10.74,0.0
2026-07-30T10:15:00+00:00,0.54,0.6,11.16,11.07,0.0
2026-07-30T10:30:00+00:00,0.44,1.06,10.82,9.93,0.0
2026-07-30T10:45:00+00:00,0.5,0.23,11.52,11.89,0.0
2026-07-30T11:00:00+00:00,0.41,0.22,12.22,13.36,0.0
2026-07-30T11:15:00+00:00,0.86,1.31,13.03,14.99,0.0
2026-07-30T11:30:00+00:00,0.7,0.32,12.64,13.1,0.0
2026-07-30T11:45:00+00:00,3.73,3.88,11.6,11.3,0.0
2026-07-30T12:00:00+00:00,3.05,3.07,13.07,13.21,0.0
2026-07-30T12:15:00+00:00,2.5,3.15,13.36,12.19,0.0
2026-07-30T12:30:00+00:00,2.51,2.9,13.55,13.85,0.0
2026-07-30T12:45:00+00:00,2.06,1.52,14.4,16.42,0.0
2026-07-30T13:00:00+00:00,1.69,1.68,14.28,15.43,0.0
2026-07-30T13:15:00+00:00,1.38,0.8,15.31,16.27,0.0
2026-07-30T13:30:00+00:00,1.13,0.89,15.57,16.38,0.0
2026-07-30T13:45:00+00:00,0.93,0.17,17.13,16.66,0.0
2026-07-30T14:00:00+00:00,0.76,1.19,15.42,15.35,0.0
2026-07-30T14:15:00+00:00,0.62,0.89,15.13,14.47,0.0
2026-07-30T14:30:00+00:00,0.51,0.31,16.52,16.65,0.0
2026-07-30T14:45:00+00:00,0.42,0.23,17.25,17.48,0.0
2026-07-30T15:00:00+00:00,0.34,1.19,16.37,16.75,0.0
2026-07-30T15:15:00+00:00,0.28,0.29,17.85,18.01,0.0
2026-07-30T15:30:00+00:00,0.23,0.0,17.98,17.15,0.0
2026-07-30T15:45:00+00:00,0.19,0.39,18.4,18.5,0.0
2026-07-30T16:00:00+00:00,0.16,0.0,19.53,19.01,0.0
2026-07-30T16:15:00+00:00,0.13,0.0,19.51,18.75,0.0
2026-07-30T16:30:00+00:00,0.1,0.25,18.58,19.0,0.0
2026-07-30T16:45:00+00:00,0.09,0.47,19.36,18.74,0.0
2026-07-30T17:00:00+00:00,0.07,0.0,19.1,17.98,0.0
2026-07-30T17:15:00+00:00,0.06,0.73,19.38,19.3,0.0
2026-07-30T17:30:00+00:00,0.05,0.0,20.13,20.06,0.0
2026-07-30T17:45:00+00:00,0.04,0.21,19.61,18.51,0.0
2026-07-30T18:00:00+00:00,0.03,0.53,20.42,20.87,0.0
2026-07-30T18:15:00+00:00,0.03,0.42,18.89,18.12,0.0
2026-07-30T18:30:00+00:00,0.89,0.41,21.03,21.43,0.0
2026-07-30T18:45:00+00:00,0.73,1.18,20.22,18.78,0.0
2026-07-30T19:00:00+00:00,0.6,0.98,21.18,20.47,0.0
2026-07-30T19:15:00+00:00,0.49,0.97,20.97,19.9,0.0
2026-07-30T19:30:00+00:00,0.4,0.49,20.51,20.03,0.0
2026-07-30T19:45:00+00:00,0.33,0.0,21.26,23.43,0.0
2026-07-30T20:00:00+00:00,0.27,0.76,21.15,21.22,0.0
2026-07-30T20:15:00+00:00,0.22,0.22,20.79,20.05,0.0
2026-07-30T20:30:00+00:00,0.18,0.0,21.19,20.62,0.0
2026-07-30T20:45:00+00:00,0.15,0.0,18.75,18.73,0.0
2026-07-30T21:00:00+00:00,0.12,0.31,19.53,18.92,0.0
2026-07-30T21:15:00+00:00,0.1,0.0,19.85,20.52,0.0
2026-07-30T21:30:00+00:00,0.08,0.24,18.61,18.54,0.0
2026-07-30T21:45:00+00:00,0.07,0.0,17.01,16.86,0.0
2026-07-30T22:00:00+00:00,0.06,0.0,18.4,18.09,0.0
2026-07-30T22:15:00+00:00,0.05,0.03,18.24,18.51,0.0
2026-07-30T22:30:00+00:00,0.04,0.75,17.83,18.28,0.0
2026-07-30T22:45:00+00:00,0.03,0.0,17.59,16.97,0.0
2026-07-30T23:00:00+00:00,0.03,0.18,17.64,17.22,0.0
2026-07-30T23:15:00+00:00,0.02,0.0,16.53,16.86,0.0
2026-07-30T23:30:00+00:00,0.02,0.0,16.94,17.15,0.0
2026-07-30T23:45:00+00:00,0.01,0.0,17.37,16.32,0.0
2026-07-31T00:00:00+00:00,0.01,0.17,17.41,18.94,0.0
2026-07-31T00:15:00+00:00,0.01,0.0,16.33,16.4,0.0
2026-07-31T00:30:00+00:00,0.01,0.0,15.96,15.15,0.0
2026-07-31T00:45:00+00:00,0.01,0.0,15.07,15.29,0.0
2026-07-31T01:00:00+00:00,0.01,0.0,14.28,13.8,0.0
2026-07-31T01:15:00+00:00,0.0,0.0,15.09,15.11,0.0
2026-07-31T01:30:00+00:00,0.0,0.0,13.17,13.99,0.0
2026-07-31T01:45:00+00:00,0.0,0.0,14.28,13.27,0.0
2026-07-31T02:00:00+00:00,0.0,0.0,12.7,12.56,0.0
2026-07-31T02:15:00+00:00,0.0,0.0,12.25,13.05,0.0
2026-07-31T02:30:00+00:00,0.0,0.0,13.24,13.08,0.0
2026-07-31T02:45:00+00:00,0.0,0.18,11.27,10.99,0.0
2026-07-31T03:00:00+00:00,0.0,0.03,11.32,10.74,0.0
2026-07-31T03:15:00+00:00,0.0,0.17,11.06,10.71,0.0
2026-07-31T03:30:00+00:00,0.0,0.77,12.26,12.34,0.0
2026-07-31T03:45:00+00:00,0.0,0.0,11.57,11.59,0.0
2026-07-31T04:00:00+00:00,0.0,0.0,10.39,10.37,0.0
2026-07-31T04:15:00+00:00,0.0,0.0,10.23,12.27,0.0
2026-07-31T04:30:00+00:00,0.0,0.05,9.05,9.41,0.0
2026-07-31T04:45:00+00:00,0.0,0.19,9.74,9.99,0.0
2026-07-31T05:00:00+00:00,0.0,0.0,10.18,10.3,0.0
2026-07-31T05:15:00+00:00,0.0,0.29,10.55,10.91,0.0
2026-07-31T05:30:00+00:00,0.0,0.28,8.66,9.22,0.0
2026-07-31T05:45:00+00:00,0.77,1.07,8.35,7.2,0.0
2026-07-31T06:00:00+00:00,0.63,0.72,8.75,8.24,0.0
2026-07-31T06:15:00+00:00,0.52,0.87,8.26,7.18,0.0
2026-07-31T06:30:00+00:00,0.42,0.64,7.83,9.36,0.0
2026-07-31T06:45:00+00:00,0.35,0.0,8.62,9.24,0.0
2026-07-31T07:00:00+00:00,0.29,0.03,8.82,9.87,0.0
2026-07-31T07:15:00+00:00,0.23,0.56,8.26,7.3,0.0
2026-07-31T07:30:00+00:00,1.98,1.69,8.45,8.06,0.0
2026-07-31T07:45:00+00:00,1.62,1.79,8.94,8.13,0.0
2026-07-31T08:00:00+00:00,1.33,1.21,8.8,8.79,0.0
2026-07-31T08:15:00+00:00,1.09,0.99,9.29,9.6,0.0
2026-07-31T08:30:00+00:00,0.89,0.93,9.66,8.93,0.0
2026-07-31T08:45:00+00:00,0.73,1.37,8.95,9.12,0.0
2026-07-31T09:00:00+00:00,0.6,0.0,10.96,11.22,0.0
2026-07-31T09:15:00+00:00,0.49,0.72,8.99,9.39,0.0
2026-07-31T09:30:00+00:00,0.4,0.0,10.38,10.41,0.0
2026-07-31T09:45:00+00:00,0.33,0.34,9.67,9.76,0.0
2026-07-31T10:00:00+00:00,0.27,0.65,10.45,10.49,0.0
2026-07-31T10:15:00+00:00,0.22,0.01,10.84,9.97,0.0
2026-07-31T10:30:00+00:00,2.21,1.86,10.55,12.38,0.0
2026-07-31T10:45:00+00:00,2.03,1.87,11.11,11.61,0.0
2026-07-31T11:00:00+00:00,1.66,1.04,12.16,12.67,0.0
2026-07-31T11:15:00+00:00,1.36,1.05,12.79,12.37,0.0
2026-07-31T11:30:00+00:00,1.12,1.54,11.84,13.52,0.0
2026-07-31T11:45:00+00:00,0.92,1.02,12.71,13.26,0.0
2026-07-31T12:00:00+00:00,0.75,0.79,12.78,12.99,0.0
2026-07-31T12:15:00+00:00,0.62,0.69,12.62,14.15,0.0
2026-07-31T12:30:00+00:00,0.5,0.32,14.01,14.22,0.0
2026-07-31T12:45:00+00:00,0.41,0.63,14.97,13.74,0.0
2026-07-31T13:00:00+00:00,0.34,0.31,15.65,13.99,0.0
2026-07-31T13:15:00+00:00,0.28,0.04,14.45,14.04,0.0
2026-07-31T13:30:00+00:00,0.23,0.0,15.23,14.02,0.0
2026-07-31T13:45:00+00:00,0.19,0.43,15.11,15.8,0.0
2026-07-31T14:00:00+00:00,0.15,0.0,16.12,14.13,0.0
2026-07-31T14:15:00+00:00,0.13,0.0,17.05,17.2,0.0
2026-07-31T14:30:00+00:00,0.1,0.0,17.22,16.66,0.0
2026-07-31T14:45:00+00:00,0.08,0.32,16.05,16.1,0.0
2026-07-31T15:00:00+00:00,0.07,0.17,18.46,17.53,0.0
2026-07-31T15:15:00+00:00,0.06,0.0,17.42,17.63,0.0
2026-07-31T15:30:00+00:00,0.05,0.74,17.95,17.53,0.0
2026-07-31T15:45:00+00:00,0.04,0.0,18.52,19.7,0.0
2026-07-31T16:00:00+00:00,0.03,0.13,19.18,20.64,0.0
2026-07-31T16:15:00+00:00,0.03,0.0,19.06,17.37,0.0
2026-07-31T16:30:00+00:00,0.02,0.0,19.23,19.34,0.0
2026-07-31T16:45:00+00:00,0.52,0.15,20.24,20.09,0.0
2026-07-31T17:00:00+00:00,0.42,0.0,19.8,19.44,0.0
2026-07-31T17:15:00+00:00,0.35,0.34,19.29,19.7,0.0
2026-07-31T17:30:00+00:00,0.28,0.0,18.45,18.28,0.0
2026-07-31T17:45:00+00:00,0.23,0.5,19.55,18.32,0.0
2026-07-31T18:00:00+00:00,0.19,0.46,19.87,19.5,0.0
2026-07-31T18:15:00+00:00,0.16,0.0,20.88,20.31,0.0
2026-07-31T18:30:00+00:00,0.13,0.39,19.8,20.15,0.0
2026-07-31T18:45:00+00:00,0.96,1.34,20.63,22.59,0.0
2026-07-31T19:00:00+00:00,0.79,1.09,21.42,20.37,0.0
2026-07-31T19:15:00+00:00,0.65,0.0,19.51,19.91,0.0
2026-07-31T19:30:00+00:00,0.53,0.0,18.91,19.13,0.0
2026-07-31T19:45:00+00:00,0.43,1.05,20.76,19.91,0.0
2026-07-31T20:00:00+00:00,0.36,0.0,19.96,20.86,0.0
2026-07-31T20:15:00+00:00,0.29,0.49,19.59,19.83,0.0
2026-07-31T20:30:00+00:00,0.24,0.0,20.15,20.47,0.0
2026-07-31T20:45:00+00:00,0.2,0.36,21.01,20.71,0.0
2026-07-31T21:00:00+00:00,0.16,0.0,19.36,18.88,0.0
2026-07-31T21:15:00+00:00,0.13,0.39,18.11,18.91,0.0
2026-07-31T21:30:00+00:00,0.11,0.64,18.05,17.14,0.0
2026-07-31T21:45:00+00:00,0.09,0.09,19.43,19.61,0.0
2026-07-31T22:00:00+00:00,0.07,0.05,18.76,18.49,0.0
2026-07-31T22:15:00+00:00,0.06,0.17,17.91,16.98,0.0
2026-07-31T22:30:00+00:00,0.05,0.0,19.29,18.64,0.0
2026-07-31T22:45:00+00:00,0.04,0.0,16.52,16.85,0.0
2026-07-31T23:00:00+00:00,0.03,0.99,16.77,16.91,0.0
2026-07-31T23:15:00+00:00,0.03,0.0,15.84,15.39,0.0
2026-07-31T23:30:00+00:00,0.02,0.28,17.63,18.53,0.0
2026-07-31T23:45:00+00:00,0.02,0.52,16.0,16.79,0.0
2026-08-01T00:00:00+00:00,0.01,0.32,16.11,17.19,0.0
2026-08-01T00:15:00+00:00,0.01,0.62,15.44,15.51,0.0
2026-08-01T00:30:00+00:00,0.01,0.0,14.34,13.04,0.0
2026-08-01T00:45:00+00:00,0.01,0.83,15.51,15.33,0.0
2026-08-01T01:00:00+00:00,0.01,0.0,14.87,15.65,0.0
2026-08-01T01:15:00+00:00,0.45,0.14,13.84,13.65,0.0
2026-08-01T01:30:00+00:00,0.37,0.58,13.15,12.01,0.0
2026-08-01T01:45:00+00:00,0.3,0.37,14.11,13.55,0.0
2026-08-01T02:00:00+00:00,0.25,0.0,12.4,11.34,0.0
2026-08-01T02:15:00+00:00,0.2,0.45,13.34,12.99,0.0
2026-08-01T02:30:00+00:00,0.17,0.0,13.29,13.66,0.0
2026-08-01T02:45:00+00:00,0.14,0.0,10.88,11.42,0.0
2026-08-01T03:00:00+00:00,0.11,0.0,11.88,12.19,0.0
2026-08-01T03:15:00+00:00,0.09,0.0,11.0,10.32,0.0
2026-08-01T03:30:00+00:00,0.07,0.06,10.09,10.68,0.0
2026-08-01T03:45:00+00:00,0.06,0.0,10.87,12.1,0.0
2026-08-01T04:00:00+00:00,0.05,0.26,9.98,10.84,0.0
2026-08-01T04:15:00+00:00,0.04,0.24,10.6,11.32,0.0
2026-08-01T04:30:00+00:00,0.03,0.54,9.17,9.41,0.0
2026-08-01T04:45:00+00:00,0.03,0.0,8.56,8.25,0.0
2026-08-01T05:00:00+00:00,0.02,0.0,9.4,9.27,0.0
2026-08-01T05:15:00+00:00,0.02,0.0,9.84,9.01,0.0
2026-08-01T05:30:00+00:00,0.02,0.22,8.23,9.3,0.0
2026-08-01T05:45:00+00:00,0.01,0.11,8.19,7.81,0.0
2026-08-01T06:00:00+00:00,0.09,0.65,9.66,9.68,0.0
2026-08-01T06:15:00+00:00,0.08,0.0,8.68,9.05,0.0
2026-08-01T06:30:00+00:00,0.06,0.91,8.63,8.06,0.0
2026-08-01T06:45:00+00:00,0.05,0.96,8.54,7.56,0.0
2026-08-01T07:00:00+00:00,0.04,0.98,8.18,7.48,0.0
2026-08-01T07:15:00+00:00,0.04,0.59,8.17,7.53,0.0
2026-08-01T07:30:00+00:00,0.03,0.0,8.12,7.29,0.0
2026-08-01T07:45:00+00:00,0.02,0.0,8.06,7.7,0.0
2026-08-01T08:00:00+00:00,0.02,0.0,9.19,9.99,0.0
2026-08-01T08:15:00+00:00,0.02,0.0,8.19,8.22,0.0
2026-08-01T08:30:00+00:00,0.01,0.0,8.66,8.58,0.0
2026-08-01T08:45:00+00:00,0.01,0.0,8.84,8.27,0.0
2026-08-01T09:00:00+00:00,0.01,0.2,10.13,9.9,0.0
2026-08-01T09:15:00+00:00,0.01,0.0,8.96,8.27,0.0
2026-08-01T09:30:00+00:00,0.01,0.0,10.65,10.91,0.0
2026-08-01T09:45:00+00:00,0.0,0.92,9.55,8.93,0.0
2026-08-01T10:00:00+00:00,0.0,0.0,9.81,9.15,0.0
2026-08-01T10:15:00+00:00,0.0,0.33,10.27,10.73,0.0
2026-08-01T10:30:00+00:00,0.0,0.0,10.52,11.0,0.0
2026-08-01T10:45:00+00:00,0.0,0.0,11.31,11.68,0.0
2026-08-01T11:00:00+00:00,0.0,0.22,11.85,12.17,0.0
2026-08-01T11:15:00+00:00,0.0,0.35,9.64,9.4,0.0
2026-08-01T11:30:00+00:00,0.0,0.0,11.29,10.65,0.0
2026-08-01T11:45:00+00:00,0.0,0.0,12.7,12.79,0.0
2026-08-01T12:00:00+00:00,0.0,0.0,14.56,13.51,0.0
2026-08-01T12:15:00+00:00,0.0,0.0,13.15,13.1,0.0
2026-08-01T12:30:00+00:00,0.0,0.0,14.72,14.42,0.0
2026-08-01T12:45:00+00:00,0.0,0.0,14.19,14.26,0.0
2026-08-01T13:00:00+00:00,0.0,0.6,14.21,15.1,0.0
2026-08-01T13:15:00+00:00,0.0,0.25,14.33,14.28,0.0
2026-08-01T13:30:00+00:00,0.0,0.36,15.61,15.86,0.0
2026-08-01T13:45:00+00:00,0.0,0.0,14.97,14.11,0.0
2026-08-01T14:00:00+00:00,0.0,0.0,15.44,16.88,0.0
2026-08-01T14:15:00+00:00,0.0,0.0,17.18,17.07,0.0
2026-08-01T14:30:00+00:00,0.0,0.25,15.87,15.73,0.0
2026-08-01T14:45:00+00:00,0.0,0.03,16.52,15.88,0.0
2026-08-01T15:00:00+00:00,0.0,0.0,16.87,16.71,0.0
2026-08-01T15:15:00+00:00,0.0,0.14,16.17,17.9,0.0
2026-08-01T15:30:00+00:00,0.0,0.0,18.6,19.05,0.0
2026-08-01T15:45:00+00:00,0.0,0.0,18.03,16.92,0.0
2026-08-01T16:00:00+00:00,0.0,0.0,18.37,19.53,0.0
2026-08-01T16:15:00+00:00,0.0,0.0,20.85,22.18,0.0
2026-08-01T16:30:00+00:00,0.0,0.0,18.44,17.93,0.0
2026-08-01T16:45:00+00:00,0.0,0.0,19.26,18.52,0.0
2026-08-01T17:00:00+00:00,0.0,0.1,20.85,21.45,0.0
2026-08-01T17:15:00+00:00,0.0,0.39,20.05,18.88,0.0
2026-08-01T17:30:00+00:00,0.0,0.5,21.32,21.78,0.0
2026-08-01T17:45:00+00:00,1.12,0.79,21.31,22.23,0.0
2026-08-01T18:00:00+00:00,0.91,2.04,19.9,20.24,0.0
2026-08-01T18:15:00+00:00,0.75,0.2,20.87,20.52,0.0
2026-08-01T18:30:00+00:00,0.61,0.01,20.33,19.6,0.0
2026-08-01T18:45:00+00:00,0.5,0.0,21.02,19.96,0.0
2026-08-01T19:00:00+00:00,0.41,0.63,19.88,19.55,0.0
2026-08-01T19:15:00+00:00,0.34,0.64,20.15,19.79,0.0
2026-08-01T19:30:00+00:00,0.28,0.0,21.04,21.65,0.0
2026-08-01T19:45:00+00:00,0.23,0.0,19.88,20.71,0.0
2026-08-01T20:00:00+00:00,0.19,0.0,19.57,18.53,0.0
2026-08-01T20:15:00+00:00,0.15,0.31,19.36,21.28,0.0
2026-08-01T20:30:00+00:00,0.13,0.0,19.21,20.28,0.0
2026-08-01T20:45:00+00:00,0.1,0.0,20.24,18.91,0.0
2026-08-01T21:00:00+00:00,0.08,0.05,19.37,19.04,0.0
2026-08-01T21:15:00+00:00,0.07,0.0,19.32,21.4,0.0
2026-08-01T21:30:00+00:00,0.06,0.16,19.73,19.96,0.0
2026-08-01T21:45:00+00:00,0.05,0.0,18.74,17.52,0.0
2026-08-01T22:00:00+00:00,0.04,0.43,18.44,18.42,0.0
2026-08-01T22:15:00+00:00,0.03,0.54,18.89,20.35,0.0
2026-08-01T22:30:00+00:00,0.03,0.0,17.58,17.56,0.0
2026-08-01T22:45:00+00:00,0.02,0.0,16.47,15.72,0.0
2026-08-01T23:00:00+00:00,0.02,0.0,17.8,18.34,0.0
2026-08-01T23:15:00+00:00,0.01,0.0,17.52,18.18,0.0
2026-08-01T23:30:00+00:00,0.01,0.48,16.81,16.05,0.0
2026-08-01T23:45:00+00:00,0.01,0.0,16.67,17.3,0.0
2026-08-02T00:00:00+00:00,0.01,0.36,16.73,17.84,0.0
2026-08-02T00:15:00+00:00,0.01,0.0,15.43,16.28,0.0
2026-08-02T00:30:00+00:00,0.01,0.01,15.65,15.6,0.0
2026-08-02T00:45:00+00:00,0.0,0.0,14.49,12.19,0.0
2026-08-02T01:00:00+00:00,0.0,1.07,15.17,14.79,0.0
2026-08-02T01:15:00+00:00,0.0,0.0,14.34,14.88,0.0
2026-08-02T01:30:00+00:00,0.0,0.16,15.14,14.79,0.0
2026-08-02T01:45:00+00:00,0.0,0.0,13.15,12.5,0.0
2026-08-02T02:00:00+00:00,0.0,0.44,12.66,13.72,0.0
2026-08-02T02:15:00+00:00,0.0,0.0,12.52,12.11,0.0
2026-08-02T02:30:00+00:00,0.0,0.31,12.74,11.4,0.0
2026-08-02T02:45:00+00:00,0.0,0.24,11.79,11.63,0.0
2026-08-02T03:00:00+00:00,0.0,0.0,12.22,12.7,0.0
2026-08-02T03:15:00+00:00,0.0,0.77,12.58,11.69,0.0
2026-08-02T03:30:00+00:00,0.0,0.05,12.43,12.0,0.0
2026-08-02T03:45:00+00:00,0.0,0.0,9.6,9.69,0.0
2026-08-02T04:00:00+00:00,0.0,0.0,10.05,11.2,0.0
2026-08-02T04:15:00+00:00,0.0,0.0,10.3,8.34,0.0
2026-08-02T04:30:00+00:00,0.0,0.49,11.24,10.43,0.0
2026-08-02T04:45:00+00:00,0.0,0.06,9.64,7.65,0.0
2026-08-02T05:00:00+00:00,0.0,0.0,8.84,8.47,0.0
2026-08-02T05:15:00+00:00,0.0,0.06,9.31,10.32,0.0
2026-08-02T05:30:00+00:00,2.43,2.26,8.22,7.77,0.0
2026-08-02T05:45:00+00:00,1.99,1.74,9.4,9.97,0.0
2026-08-02T06:00:00+00:00,1.64,1.82,10.16,10.63,0.0
2026-08-02T06:15:00+00:00,1.34,0.65,8.96,9.18,0.0
2026-08-02T06:30:00+00:00,1.1,0.73,8.47,7.65,0.0
2026-08-02T06:45:00+00:00,0.9,0.99,9.01,7.95,0.0
2026-08-02T07:00:00+00:00,0.74,1.16,7.06,6.5,0.0
2026-08-02T07:15:00+00:00,0.61,0.02,7.91,8.09,0.0
2026-08-02T07:30:00+00:00,0.5,1.01,9.79,8.25,0.0
2026-08-02T07:45:00+00:00,0.41,0.4,7.76,8.09,0.0
2026-08-02T08:00:00+00:00,0.79,0.6,7.9,8.41,0.0
2026-08-02T08:15:00+00:00,0.64,0.09,8.48,8.42,0.0
2026-08-02T08:30:00+00:00,0.53,0.98,8.62,8.44,0.0
2026-08-02T08:45:00+00:00,0.43,0.71,9.63,9.84,0.0
2026-08-02T09:00:00+00:00,0.36,0.75,9.39,9.31,0.0
2026-08-02T09:15:00+00:00,1.24,1.94,9.5,9.83,0.0
2026-08-02T09:30:00+00:00,1.02,1.11,9.68,9.5,0.0
2026-08-02T09:45:00+00:00,0.86,0.95,9.34,8.03,0.0
2026-08-02T10:00:00+00:00,0.7,1.13,11.13,13.18,0.0
2026-08-02T10:15:00+00:00,0.58,0.44,11.69,12.12,0.0
2026-08-02T10:30:00+00:00,0.47,1.04,11.19,11.23,0.0
2026-08-02T10:45:00+00:00,0.39,0.53,10.36,10.03,0.0
2026-08-02T11:00:00+00:00,0.32,0.11,12.75,12.43,0.0
2026-08-02T11:15:00+00:00,0.26,0.41,11.38,10.59,0.0
2026-08-02T11:30:00+00:00,0.21,0.22,11.53,10.43,0.0
2026-08-02T11:45:00+00:00,0.18,0.45,11.94,12.16,0.0
2026-08-02T12:00:00+00:00,0.25,0.0,13.58,13.84,0.0
2026-08-02T12:15:00+00:00,0.21,0.03,11.9,10.94,0.0
2026-08-02T12:30:00+00:00,0.17,0.0,13.9,13.63,0.0
2026-08-02T12:45:00+00:00,0.14,0.0,14.4,15.28,0.0
2026-08-02T13:00:00+00:00,0.59,1.48,14.81,15.36,0.0
2026-08-02T13:15:00+00:00,0.49,0.87,15.71,14.04,0.0
2026-08-02T13:30:00+00:00,0.4,0.18,15.12,15.93,0.0
2026-08-02T13:45:00+00:00,0.33,0.0,16.45,17.05,0.0
2026-08-02T14:00:00+00:00,0.27,0.26,16.05,16.53,0.0
2026-08-02T14:15:00+00:00,0.22,0.0,16.08,15.46,0.0
2026-08-02T14:30:00+00:00,0.18,0.34,15.71,16.23,0.0
2026-08-02T14:45:00+00:00,0.15,0.52,17.52,18.21,0.0
2026-08-02T15:00:00+00:00,0.12,0.0,18.38,18.5,0.0
2026-08-02T15:15:00+00:00,0.1,0.42,17.51,17.1,0.0
2026-08-02T15:30:00+00:00,0.08,0.0,19.41,18.98,0.0
2026-08-02T15:45:00+00:00,0.07,0.81,18.37,17.98,0.0
2026-08-02T16:00:00+00:00,0.05,0.0,19.28,19.81,0.0
2026-08-02T16:15:00+00:00,0.04,0.29,18.51,18.01,0.0
2026-08-02T16:30:00+00:00,0.04,0.0,18.58,19.79,0.0
2026-08-02T16:45:00+00:00,0.03,0.08,20.39,18.85,0.0
2026-08-02T17:00:00+00:00,0.3,0.0,19.15,19.54,0.0
2026-08-02T17:15:00+00:00,0.24,0.0,18.59,18.33,0.0
2026-08-02T17:30:00+00:00,0.2,0.32,20.59,20.42,0.0
2026-08-02T17:45:00+00:00,0.16,0.65,18.74,17.95,0.0
2026-08-02T18:00:00+00:00,0.13,0.0,19.7,20.54,0.0
2026-08-02T18:15:00+00:00,0.11,0.16,20.91,21.95,0.0
2026-08-02T18:30:00+00:00,0.09,0.0,20.74,21.04,0.0
2026-08-02T18:45:00+00:00,0.07,0.03,19.61,20.17,0.0
2026-08-02T19:00:00+00:00,0.06,0.0,19.68,21.85,0.0
2026-08-02T19:15:00+00:00,0.05,0.52,19.56,19.36,0.0
2026-08-02T19:30:00+00:00,0.04,0.0,20.04,19.17,0.0
2026-08-02T19:45:00+00:00,0.03,0.0,19.46,18.74,0.0
2026-08-02T20:00:00+00:00,0.03,0.0,19.91,20.21,0.0
2026-08-02T20:15:00+00:00,0.02,0.0,20.71,21.15,0.0
2026-08-02T20:30:00+00:00,0.02,0.06,19.2,18.62,0.0
2026-08-02T20:45:00+00:00,0.02,0.0,20.23,20.53,0.0
2026-08-02T21:00:00+00:00,0.01,0.22,17.78,16.45,0.0
2026-08-02T21:15:00+00:00,0.01,0.0,19.23,19.32,0.0
2026-08-02T21:30:00+00:00,0.01,0.0,18.94,19.34,0.0
2026-08-02T21:45:00+00:00,0.01,0.0,19.23,18.85,0.0
2026-08-02T22:00:00+00:00,0.01,0.0,19.3,19.61,0.0
2026-08-02T22:15:00+00:00,0.87,1.42,18.54,19.97,0.0
2026-08-02T22:30:00+00:00,0.71,0.0,18.04,17.54,0.0
2026-08-02T22:45:00+00:00,0.58,0.0,16.64,16.21,0.0
2026-08-02T23:00:00+00:00,0.48,0.94,17.93,17.57,0.0
2026-08-02T23:15:00+00:00,0.39,0.0,15.9,16.14,0.0
2026-08-02T23:30:00+00:00,0.32,0.1,16.78,15.92,0.0
2026-08-02T23:45:00+00:00,0.26,0.0,16.12,15.59,0.0
2026-08-03T00:00:00+00:00,0.22,0.01,15.7,16.85,0.0
2026-08-03T00:15:00+00:00,0.18,0.0,15.92,14.53,0.0
2026-08-03T00:30:00+00:00,0.15,0.1,15.78,15.71,0.0
2026-08-03T00:45:00+00:00,0.12,0.0,13.83,12.63,0.0
2026-08-03T01:00:00+00:00,0.1,0.49,14.97,15.22,0.0
2026-08-03T01:15:00+00:00,0.08,0.0,13.91,13.04,0.0
2026-08-03T01:30:00+00:00,0.07,0.0,11.99,13.35,0.0
2026-08-03T01:45:00+00:00,0.05,0.21,13.44,14.73,0.0
2026-08-03T02:00:00+00:00,0.04,0.69,12.59,11.73,0.0
2026-08-03T02:15:00+00:00,0.04,0.41,13.46,13.04,0.0
2026-08-03T02:30:00+00:00,0.03,0.07,13.01,13.47,0.0
2026-08-03T02:45:00+00:00,0.02,0.09,11.92,12.48,0.0
2026-08-03T03:00:00+00:00,0.02,0.1,13.33,13.61,0.0
2026-08-03T03:15:00+00:00,0.02,0.0,10.79,10.44,0.0
2026-08-03T03:30:00+00:00,1.68,1.52,10.87,9.87,0.0
2026-08-03T03:45:00+00:00,1.38,1.8,10.88,10.72,0.0
2026-08-03T04:00:00+00:00,1.13,0.88,10.38,9.4,0.0
2026-08-03T04:15:00+00:00,0.93,1.53,9.53,9.49,0.0
2026-08-03T04:30:00+00:00,0.76,1.01,10.54,12.07,0.0
2026-08-03T04:45:00+00:00,0.62,1.01,9.22,9.85,0.0
2026-08-03T05:00:00+00:00,0.51,0.43,9.41,9.66,0.0
2026-08-03T05:15:00+00:00,0.42,1.3,11.0,10.51,0.0
2026-08-03T05:30:00+00:00,0.34,0.16,9.12,8.86,0.0
2026-08-03T05:45:00+00:00,0.28,0.48,9.06,9.47,0.0
2026-08-03T06:00:00+00:00,0.23,0.66,10.62,10.69,0.0
2026-08-03T06:15:00+00:00,0.19,0.0,8.5,8.78,0.0
2026-08-03T06:30:00+00:00,0.16,0.97,7.93,7.84,0.0
2026-08-03T06:45:00+00:00,0.13,0.55,9.16,8.34,0.0
2026-08-03T07:00:00+00:00,0.1,0.03,8.76,8.55,0.0
2026-08-03T07:15:00+00:00,0.09,0.17,8.03,9.15,0.0
2026-08-03T07:30:00+00:00,0.07,0.49,9.25,8.09,0.0
2026-08-03T07:45:00+00:00,0.06,0.0,9.54,9.18,0.0
2026-08-03T08:00:00+00:00,0.05,0.96,9.3,8.7,0.0
2026-08-03T08:15:00+00:00,0.04,0.41,8.04,7.43,0.0
2026-08-03T08:30:00+00:00,0.03,0.0,10.03,9.02,0.0
2026-08-03T08:45:00+00:00,0.03,0.0,10.41,10.17,0.0
2026-08-03T09:00:00+00:00,0.02,0.54,9.91,10.5,0.0
2026-08-03T09:15:00+00:00,0.02,0.06,9.85,9.38,0.0
2026-08-03T09:30:00+00:00,0.01,0.04,9.55,10.97,0.0
2026-08-03T09:45:00+00:00,0.01,0.0,10.97,11.79,0.0
2026-08-03T10:00:00+00:00,0.01,0.0,9.57,9.74,0.0
2026-08-03T10:15:00+00:00,0.01,0.0,10.2,9.95,0.0
2026-08-03T10:30:00+00:00,0.01,0.81,9.08,6.47,0.0
2026-08-03T10:45:00+00:00,0.01,0.49,11.66,11.5,0.0
2026-08-03T11:00:00+00:00,0.0,0.33,11.93,10.95,0.0
2026-08-03T11:15:00+00:00,0.0,0.0,11.89,12.95,0.001
2026-08-03T11:30:00+00:00,0.0,0.54,12.98,11.77,0.001
2026-08-03T11:45:00+00:00,0.0,0.52,12.65,11.96,0.001
2026-08-03T12:00:00+00:00,0.0,0.36,14.09,13.56,0.001
2026-08-03T12:15:00+00:00,0.0,0.0,13.63,14.61,0.002
2026-08-03T12:30:00+00:00,0.0,0.0,13.96,12.75,0.002
2026-08-03T12:45:00+00:00,0.29,1.16,13.91,13.54,0.003
2026-08-03T13:00:00+00:00,0.24,0.29,14.69,16.12,0.004
2026-08-03T13:15:00+00:00,0.19,0.35,14.99,15.29,0.005
2026-08-03T13:30:00+00:00,0.16,0.44,15.13,13.91,0.006
2026-08-03T13:45:00+00:00,0.13,0.0,15.84,15.46,0.007
2026-08-03T14:00:00+00:00,0.11,0.0,15.93,15.73,0.009
2026-08-03T14:15:00+00:00,0.09,0.15,17.15,16.62,0.011
2026-08-03T14:30:00+00:00,0.07,0.04,17.5,17.05,0.014
2026-08-03T14:45:00+00:00,0.06,0.56,17.7,17.48,0.017
2026-08-03T15:00:00+00:00,0.05,0.05,17.95,17.89,0.021
2026-08-03T15:15:00+00:00,0.04,0.41,17.58,18.88,0.025
2026-08-03T15:30:00+00:00,0.03,0.0,17.68,17.35,0.03
2026-08-03T15:45:00+00:00,0.03,0.38,18.07,19.06,0.037
2026-08-03T16:00:00+00:00,0.02,0.1,18.39,17.92,0.044
2026-08-03T16:15:00+00:00,0.02,0.0,18.29,16.89,0.052
2026-08-03T16:30:00+00:00,0.01,0.0,18.96,19.15,0.062
2026-08-03T16:45:00+00:00,0.01,0.19,19.8,19.4,0.073
2026-08-03T17:00:00+00:00,0.01,0.0,19.71,19.23,0.086
2026-08-03T17:15:00+00:00,0.01,0.0,19.73,21.18,0.101
2026-08-03T17:30:00+00:00,0.01,0.33,18.58,18.96,0.117
2026-08-03T17:45:00+00:00,0.01,0.0,21.52,22.07,0.135
2026-08-03T18:00:00+00:00,0.0,0.0,20.56,20.36,0.156
2026-08-03T18:15:00+00:00,0.19,0.0,20.67,21.11,0.178
2026-08-03T18:30:00+00:00,0.16,0.0,20.0,20.25,0.203
2026-08-03T18:45:00+00:00,0.13,0.16,20.89,20.17,0.23
2026-08-03T19:00:00+00:00,0.11,0.0,18.65,17.73,0.259
2026-08-03T19:15:00+00:00,0.09,0.0,20.68,20.96,0.291
2026-08-03T19:30:00+00:00,0.07,0.07,18.98,19.12,0.325
2026-08-03T19:45:00+00:00,0.06,0.46,19.76,20.58,0.36
2026-08-03T20:00:00+00:00,0.05,0.0,19.19,19.68,0.398
2026-08-03T20:15:00+00:00,0.04,0.0,20.95,22.32,0.438
2026-08-03T20:30:00+00:00,0.03,0.0,20.1,19.35,0.478
2026-08-03T20:45:00+00:00,0.03,0.0,19.24,19.17,0.52
2026-08-03T21:00:00+00:00,0.02,0.0,17.93,18.01,0.563
2026-08-03T21:15:00+00:00,0.02,0.47,19.88,20.57,0.607
2026-08-03T21:30:00+00:00,0.01,0.0,18.5,17.4,0.65
2026-08-03T21:45:00+00:00,0.01,0.77,18.38,17.49,0.693
2026-08-03T22:00:00+00:00,0.01,0.57,18.33,18.28,0.734
2026-08-03T22:15:00+00:00,0.01,0.0,18.41,18.34,0.775
2026-08-03T22:30:00+00:00,0.01,0.24,19.37,19.39,0.813
2026-08-03T22:45:00+00:00,0.01,0.0,17.55,18.42,0.849
2026-08-03T23:00:00+00:00,0.0,0.0,17.16,16.01,0.882
2026-08-03T23:15:00+00:00,0.0,0.0,16.63,15.76,0.912
2026-08-03T23:30:00+00:00,3.9,3.78,16.41,16.59,0.938
2026-08-03T23:45:00+00:00,3.2,3.3,17.04,17.86,0.96
2026-08-04T00:00:00+00:00,2.63,2.76,17.16,17.0,0.977
2026-08-04T00:15:00+00:00,2.15,2.57,14.8,15.52,0.99
2026-08-04T00:30:00+00:00,1.77,1.26,14.78,15.32,0.997
2026-08-04T00:45:00+00:00,1.45,2.61,14.43,15.43,1.0
2026-08-04T01:00:00+00:00,1.19,0.15,13.33,12.28,0.997
2026-08-04T01:15:00+00:00,0.97,0.6,14.39,14.45,0.99
2026-08-04T01:30:00+00:00,0.8,1.07,14.08,13.83,0.977
2026-08-04T01:45:00+00:00,0.65,0.0,13.31,11.5,0.96
2026-08-04T02:00:00+00:00,0.54,1.11,12.28,12.54,0.938
2026-08-04T02:15:00+00:00,0.44,0.0,12.92,12.88,0.912
2026-08-04T02:30:00+00:00,0.36,0.52,13.25,12.63,0.882
2026-08-04T02:45:00+00:00,0.3,0.13,11.02,10.67,0.849
2026-08-04T03:00:00+00:00,0.24,0.03,11.98,12.59,0.813
2026-08-04T03:15:00+00:00,0.2,0.0,11.68,12.64,0.775
2026-08-04T03:30:00+00:00,0.16,0.0,10.51,10.73,0.734
2026-08-04T03:45:00+00:00,0.13,0.0,11.16,10.71,0.693
2026-08-04T04:00:00+00:00,0.11,0.0,10.4,10.63,0.65
2026-08-04T04:15:00+00:00,0.09,0.38,10.04,10.21,0.607
2026-08-04T04:30:00+00:00,0.07,0.0,11.17,11.03,0.563
2026-08-04T04:45:00+00:00,0.67,0.95,8.95,9.25,0.52
2026-08-04T05:00:00+00:00,0.55,0.49,10.25,10.44,0.478
2026-08-04T05:15:00+00:00,0.45,0.57,8.56,7.9,0.438
2026-08-04T05:30:00+00:00,0.37,0.42,7.66,7.35,0.398
2026-08-04T05:45:00+00:00,0.3,0.82,8.23,8.57,0.36
2026-08-04T06:00:00+00:00,0.25,0.53,8.59,8.86,0.325
2026-08-04T06:15:00+00:00,1.32,1.42,8.65,8.56,0.291
2026-08-04T06:30:00+00:00,1.08,0.66,9.52,9.56,0.259
2026-08-04T06:45:00+00:00,0.96,1.23,9.4,9.34,0.23
2026-08-04T07:00:00+00:00,0.79,0.79,8.47,6.98,0.203
2026-08-04T07:15:00+00:00,0.65,0.82,9.32,10.27,0.178
2026-08-04T07:30:00+00:00,0.53,0.19,9.97,9.15,0.156
2026-08-04T07:45:00+00:00,0.44,0.12,8.75,9.72,0.135
2026-08-04T08:00:00+00:00,0.36,0.78,8.58,8.85,0.117
2026-08-04T08:15:00+00:00,0.29,0.77,9.05,9.5,0.101
2026-08-04T08:30:00+00:00,0.24,0.0,10.23,10.8,0.086
2026-08-04T08:45:00+00:00,0.2,0.09,8.61,7.96,0.073
2026-08-04T09:00:00+00:00,0.16,0.55,9.43,9.44,0.062
2026-08-04T09:15:00+00:00,0.13,0.0,9.59,8.86,0.052
2026-08-04T09:30:00+00:00,0.11,1.04,9.54,10.21,0.044
2026-08-04T09:45:00+00:00,0.25,0.1,9.57,8.19,0.037
2026-08-04T10:00:00+00:00,0.21,0.0,9.11,9.27,0.03
2026-08-04T10:15:00+00:00,0.17,0.25,10.46,10.84,0.025
2026-08-04T10:30:00+00:00,0.14,0.19,11.41,11.61,0.021
2026-08-04T10:45:00+00:00,0.11,0.21,11.33,12.16,0.017
2026-08-04T11:00:00+00:00,0.09,0.0,11.51,11.7,0.014
2026-08-04T11:15:00+00:00,0.08,0.0,12.96,13.49,0.011
2026-08-04T11:30:00+00:00,0.06,0.42,13.41,11.87,0.009
2026-08-04T11:45:00+00:00,0.05,0.0,12.45,11.2,0.007
2026-08-04T12:00:00+00:00,0.04,0.0,13.35,12.95,0.006
2026-08-04T12:15:00+00:00,0.03,0.39,12.87,14.24,0.005
2026-08-04T12:30:00+00:00,0.03,0.0,13.69,12.95,0.004
2026-08-04T12:45:00+00:00,0.02,0.23,13.31,15.76,0.003
2026-08-04T13:00:00+00:00,0.02,0.0,14.55,15.2,0.002
2026-08-04T13:15:00+00:00,0.02,0.12,15.38,14.98,0.002
2026-08-04T13:30:00+00:00,0.6,0.0,16.27,17.15,0.001
2026-08-04T13:45:00+00:00,0.49,0.13,16.25,16.15,0.001
2026-08-04T14:00:00+00:00,0.4,0.74,14.7,14.68,0.001
2026-08-04T14:15:00+00:00,0.33,0.0,16.52,17.36,0.001
2026-08-04T14:30:00+00:00,1.53,1.83,17.13,17.59,0.0
2026-08-04T14:45:00+00:00,1.26,1.2,17.86,17.83,0.0
2026-08-04T15:00:00+00:00,1.03,0.99,17.14,17.23,0.0
2026-08-04T15:15:00+00:00,0.84,1.91,17.45,17.47,0.0
2026-08-04T15:30:00+00:00,0.69,1.0,17.43,17.42,0.0
2026-08-04T15:45:00+00:00,0.57,1.56,17.79,17.44,0.0
2026-08-04T16:00:00+00:00,0.47,0.65,19.79,20.08,0.0
2026-08-04T16:15:00+00:00,0.38,0.01,19.2,18.09,0.0
2026-08-04T16:30:00+00:00,0.31,0.67,19.69,20.58,0.0
2026-08-04T16:45:00+00:00,0.26,0.0,18.88,18.53,0.0
2026-08-04T17:00:00+00:00,0.21,0.68,20.27,18.99,0.0
2026-08-04T17:15:00+00:00,0.17,0.59,19.37,19.39,0.0
2026-08-04T17:30:00+00:00,0.14,0.26,19.41,19.86,0.0
2026-08-04T17:45:00+00:00,0.12,0.47,19.46,20.25,0.0
2026-08-04T18:00:00+00:00,0.1,0.18,20.74,20.12,0.0
2026-08-04T18:15:00+00:00,0.08,0.0,20.85,20.93,0.0
2026-08-04T18:30:00+00:00,0.06,0.22,21.56,21.38,0.0
2026-08-04T18:45:00+00:00,0.05,0.28,18.55,18.43,0.0
2026-08-04T19:00:00+00:00,0.04,0.33,20.74,19.4,0.0
2026-08-04T19:15:00+00:00,0.04,0.38,19.87,19.27,0.0
2026-08-04T19:30:00+00:00,0.03,0.16,21.14,21.99,0.0
2026-08-04T19:45:00+00:00,0.02,0.27,19.15,19.33,0.0
2026-08-04T20:00:00+00:00,0.02,0.67,20.52,18.68,0.0
2026-08-04T20:15:00+00:00,0.02,0.0,20.32,18.98,0.0
2026-08-04T20:30:00+00:00,0.01,0.0,19.14,19.04,0.0
2026-08-04T20:45:00+00:00,0.01,0.0,20.19,20.48,0.0
2026-08-04T21:00:00+00:00,0.01,0.25,19.86,18.97,0.0
2026-08-04T21:15:00+00:00,0.01,0.1,18.87,19.98,0.0
2026-08-04T21:30:00+00:00,0.01,0.0,19.76,20.06,0.0
2026-08-04T21:45:00+00:00,0.0,0.0,18.05,19.02,0.0
2026-08-04T22:00:00+00:00,0.0,0.0,19.16,18.6,0.0
2026-08-04T22:15:00+00:00,0.0,0.0,18.45,20.3,0.0
2026-08-04T22:30:00+00:00,0.0,0.22,17.84,18.6,0.0
2026-08-04T22:45:00+00:00,0.0,0.81,19.34,20.79,0.0
2026-08-04T23:00:00+00:00,0.0,0.03,17.01,16.36,0.0
2026-08-04T23:15:00+00:00,0.0,0.0,16.16,16.65,0.0
2026-08-04T23:30:00+00:00,0.0,0.0,16.63,15.91,0.0
2026-08-04T23:45:00+00:00,0.0,0.0,16.34,15.34,0.0
2026-08-05T00:00:00+00:00,0.0,0.0,15.31,15.55,0.0
2026-08-05T00:15:00+00:00,0.0,0.0,14.89,14.98,0.0
2026-08-05T00:30:00+00:00,0.0,0.41,14.37,15.46,0.0
2026-08-05T00:45:00+00:00,0.0,0.33,14.92,14.03,0.0
2026-08-05T01:00:00+00:00,0.0,0.0,14.58,14.8,0.0
2026-08-05T01:15:00+00:00,0.0,0.26,14.65,15.31,0.0
2026-08-05T01:30:00+00:00,0.0,0.0,13.44,13.27,0.0
2026-08-05T01:45:00+00:00,0.0,0.3,12.19,11.57,0.0
2026-08-05T02:00:00+00:00,0.0,0.33,12.29,11.88,0.0
2026-08-05T02:15:00+00:00,0.0,0.0,13.48,12.84,0.0
2026-08-05T02:30:00+00:00,0.0,0.0,12.15,12.73,0.0
2026-08-05T02:45:00+00:00,0.0,0.0,11.85,12.81,0.0
2026-08-05T03:00:00+00:00,0.0,0.07,12.27,11.53,0.0
2026-08-05T03:15:00+00:00,0.0,0.0,11.24,11.66,0.0
2026-08-05T03:30:00+00:00,0.0,0.0,11.04,10.86,0.0
2026-08-05T03:45:00+00:00,0.0,0.0,10.33,10.18,0.0
2026-08-05T04:00:00+00:00,0.0,0.0,11.74,11.66,0.0
2026-08-05T04:15:00+00:00,0.0,0.21,10.37,9.83,0.0
2026-08-05T04:30:00+00:00,0.0,0.21,10.79,10.1,0.0
2026-08-05T04:45:00+00:00,0.0,0.0,8.37,8.06,0.0
2026-08-05T05:00:00+00:00,0.0,0.0,10.24,10.72,0.0
2026-08-05T05:15:00+00:00,0.0,0.0,8.88,8.63,0.0
2026-08-05T05:30:00+00:00,0.0,0.72,9.25,8.27,0.0
2026-08-05T05:45:00+00:00,0.0,0.08,9.62,9.41,0.0
2026-08-05T06:00:00+00:00,0.0,0.0,8.29,6.57,0.0
2026-08-05T06:15:00+00:00,0.0,0.0,8.13,7.46,0.0
2026-08-05T06:30:00+00:00,0.0,0.62,8.94,9.52,0.0
2026-08-05T06:45:00+00:00,0.0,0.13,8.74,8.59,0.0
2026-08-05T07:00:00+00:00,0.0,0.56,10.27,10.78,0.0
2026-08-05T07:15:00+00:00,0.0,0.43,9.17,9.59,0.0
2026-08-05T07:30:00+00:00,0.0,0.0,7.97,7.53,0.0
2026-08-05T07:45:00+00:00,0.0,0.0,9.67,10.66,0.0
2026-08-05T08:00:00+00:00,0.0,0.0,8.92,10.16,0.0
2026-08-05T08:15:00+00:00,0.0,0.0,9.26,8.35,0.0
2026-08-05T08:30:00+00:00,0.0,0.35,9.01,8.22,0.0
2026-08-05T08:45:00+00:00,0.0,0.49,8.97,8.69,0.0
2026-08-05T09:00:00+00:00,0.0,0.14,10.17,11.77,0.0
2026-08-05T09:15:00+00:00,0.0,0.06,10.36,10.36,0.0
2026-08-05T09:30:00+00:00,0.0,0.1,9.95,8.63,0.0
2026-08-05T09:45:00+00:00,0.0,0.0,9.07,9.47,0.0
2026-08-05T10:00:00+00:00,0.0,0.0,10.19,8.01,0.0
2026-08-05T10:15:00+00:00,0.0,0.0,10.21,9.17,0.0
2026-08-05T10:30:00+00:00,0.0,0.25,11.2,11.16,0.0
2026-08-05T10:45:00+00:00,0.0,0.02,11.39,10.23,0.0
2026-08-05T11:00:00+00:00,0.0,0.0,11.2,11.66,0.0
2026-08-05T11:15:00+00:00,0.26,0.0,12.53,13.33,0.0
2026-08-05T11:30:00+00:00,0.21,0.0,12.52,12.39,0.0
2026-08-05T11:45:00+00:00,0.17,0.0,11.73,12.79,0.0
2026-08-05T12:00:00+00:00,0.14,0.34,11.97,11.79,0.0
2026-08-05T12:15:00+00:00,0.73,1.09,12.91,13.92,0.0
2026-08-05T12:30:00+00:00,0.6,0.0,14.68,14.68,0.0
2026-08-05T12:45:00+00:00,0.49,0.0,14.13,12.92,0.0
2026-08-05T13:00:00+00:00,0.4,0.0,15.3,15.4,0.0
2026-08-05T13:15:00+00:00,0.33,0.0,15.25,13.62,0.0
2026-08-05T13:30:00+00:00,0.27,0.96,16.12,16.34,0.0
2026-08-05T13:45:00+00:00,0.23,0.0,15.63,14.0,0.0
2026-08-05T14:00:00+00:00,0.18,0.34,16.09,16.16,0.0
2026-08-05T14:15:00+00:00,0.15,0.0,16.23,16.26,0.0
2026-08-05T14:30:00+00:00,0.12,0.0,16.95,18.3,0.0
2026-08-05T14:45:00+00:00,0.1,0.01,16.64,17.03,0.0
2026-08-05T15:00:00+00:00,0.08,0.02,16.77,16.81,0.0
2026-08-05T15:15:00+00:00,0.07,0.0,17.31,17.7,0.0
2026-08-05T15:30:00+00:00,0.06,0.35,17.48,17.38,0.0
2026-08-05T15:45:00+00:00,0.05,0.11,17.91,16.34,0.0
2026-08-05T16:00:00+00:00,5.98,5.66,18.42,19.31,0.0
2026-08-05T16:15:00+00:00,4.9,5.03,19.13,18.65,0.0
2026-08-05T16:30:00+00:00,4.02,4.27,18.33,16.64,0.0
2026-08-05T16:45:00+00:00,3.3,3.63,19.97,18.92,0.0
2026-08-05T17:00:00+00:00,2.7,2.87,19.45,18.98,0.0
2026-08-05T17:15:00+00:00,2.22,1.9,20.12,20.28,0.0
2026-08-05T17:30:00+00:00,1.82,1.59,21.31,20.23,0.0
2026-08-05T17:45:00+00:00,1.49,2.19,18.76,19.02,0.0
2026-08-05T18:00:00+00:00,1.22,1.67,20.57,21.34,0.0
2026-08-05T18:15:00+00:00,1.0,0.49,21.42,22.52,0.0
2026-08-05T18:30:00+00:00,0.82,0.31,20.78,20.42,0.0
2026-08-05T18:45:00+00:00,1.11,1.4,19.27,18.6,0.0
2026-08-05T19:00:00+00:00,0.91,0.75,21.06,21.39,0.0
2026-08-05T19:15:00+00:00,0.75,0.9,20.36,19.69,0.0
2026-08-05T19:30:00+00:00,0.61,0.35,20.64,20.41,0.0
2026-08-05T19:45:00+00:00,0.5,0.78,21.86,20.52,0.0
2026-08-05T20:00:00+00:00,0.41,0.14,20.39,19.92,0.0
2026-08-05T20:15:00+00:00,0.34,0.41,20.13,19.93,0.0
2026-08-05T20:30:00+00:00,0.28,0.0,20.19,19.76,0.0
2026-08-05T20:45:00+00:00,0.23,0.0,20.27,21.21,0.0
2026-08-05T21:00:00+00:00,0.19,0.03,19.09,19.78,0.0
2026-08-05T21:15:00+00:00,0.15,0.05,20.14,20.17,0.0
2026-08-05T21:30:00+00:00,0.13,0.32,18.96,16.76,0.0
2026-08-05T21:45:00+00:00,0.1,0.0,17.93,17.6,0.0
2026-08-05T22:00:00+00:00,0.08,0.0,18.01,17.91,0.0
2026-08-05T22:15:00+00:00,0.07,0.44,17.99,18.13,0.0
2026-08-05T22:30:00+00:00,0.06,0.0,18.3,18.51,0.0
2026-08-05T22:45:00+00:00,0.05,0.14,17.17,16.21,0.0
2026-08-05T23:00:00+00:00,0.04,0.0,17.14,17.3,0.0
2026-08-05T23:15:00+00:00,0.03,0.04,16.2,17.85,0.0
2026-08-05T23:30:00+00:00,0.03,0.68,15.87,15.7,0.0
2026-08-05T23:45:00+00:00,0.02,0.0,16.21,15.0,0.0
2026-08-06T00:00:00+00:00,0.02,0.12,15.47,15.58,0.0
2026-08-06T00:15:00+00:00,0.01,0.0,14.68,14.95,0.0
2026-08-06T00:30:00+00:00,0.01,0.49,15.89,17.09,0.0
2026-08-06T00:45:00+00:00,0.01,0.0,15.67,16.39,0.0
2026-08-06T01:00:00+00:00,0.01,0.37,14.91,15.62,0.0
2026-08-06T01:15:00+00:00,0.9,0.74,13.88,15.17,0.0
2026-08-06T01:30:00+00:00,2.7,3.16,12.72,14.5,0.0
2026-08-06T01:45:00+00:00,2.22,2.25,14.82,14.8,0.0
2026-08-06T02:00:00+00:00,1.82,1.89,13.79,14.9,0.0
2026-08-06T02:15:00+00:00,1.49,1.86,11.6,11.1,0.0
2026-08-06T02:30:00+00:00,1.22,0.8,11.22,12.14,0.0
2026-08-06T02:45:00+00:00,1.0,0.7,11.17,11.39,0.0
2026-08-06T03:00:00+00:00,1.23,1.01,10.32,10.0,0.0
2026-08-06T03:15:00+00:00,1.01,2.13,11.6,11.07,0.0
2026-08-06T03:30:00+00:00,0.83,1.49,10.96,11.33,0.0
2026-08-06T03:45:00+00:00,0.68,0.07,9.95,9.3,0.0
2026-08-06T04:00:00+00:00,0.56,0.37,10.2,9.85,0.0
2026-08-06T04:15:00+00:00,0.46,0.14,9.95,10.21,0.0
2026-08-06T04:30:00+00:00,0.37,0.96,10.14,11.16,0.0
2026-08-06T04:45:00+00:00,0.31,0.5,9.42,8.71,0.0
2026-08-06T05:00:00+00:00,0.25,0.0,9.62,10.18,0.0
2026-08-06T05:15:00+00:00,0.21,0.2,9.82,9.62,0.0
2026-08-06T05:30:00+00:00,0.17,0.0,8.63,9.83,0.0
2026-08-06T05:45:00+00:00,0.14,0.0,8.11,8.97,0.0
2026-08-06T06:00:00+00:00,0.11,0.04,9.02,9.6,0.0
2026-08-06T06:15:00+00:00,0.09,0.27,8.85,7.56,0.0
2026-08-06T06:30:00+00:00,0.08,0.0,8.51,9.37,0.0
2026-08-06T06:45:00+00:00,0.7,0.71,9.25,8.41,0.0
2026-08-06T07:00:00+00:00,1.25,0.85,7.38,6.56,0.0
2026-08-06T07:15:00+00:00,1.03,0.64,10.26,10.51,0.0
2026-08-06T07:30:00+00:00,0.84,1.39,9.02,8.98,0.0
2026-08-06T07:45:00+00:00,0.69,0.31,8.96,8.52,0.0
2026-08-06T08:00:00+00:00,0.57,0.0,8.81,7.18,0.0
2026-08-06T08:15:00+00:00,0.47,0.0,8.37,8.05,0.0
2026-08-06T08:30:00+00:00,0.38,0.0,8.33,7.84,0.0
2026-08-06T08:45:00+00:00,0.31,1.38,9.6,10.28,0.0
2026-08-06T09:00:00+00:00,0.26,0.03,9.45,11.6,0.0
2026-08-06T09:15:00+00:00,0.21,0.9,10.96,10.84,0.0
2026-08-06T09:30:00+00:00,0.17,0.53,9.2,9.44,0.0
2026-08-06T09:45:00+00:00,0.14,0.4,9.02,7.83,0.0
2026-08-06T10:00:00+00:00,0.12,0.14,10.01,10.09,0.0
2026-08-06T10:15:00+00:00,0.1,0.15,9.44,10.79,0.0
2026-08-06T10:30:00+00:00,0.08,0.0,11.0,12.87,0.0
2026-08-06T10:45:00+00:00,0.06,0.11,11.29,11.22,0.0
2026-08-06T11:00:00+00:00,0.05,0.29,10.99,11.77,0.0
2026-08-06T11:15:00+00:00,0.04,0.45,13.21,13.27,0.0
2026-08-06T11:30:00+00:00,0.04,0.31,12.83,12.86,0.0
2026-08-06T11:45:00+00:00,0.48,1.24,11.92,10.36,0.0
2026-08-06T12:00:00+00:00,0.39,1.11,11.38,10.37,0.0
2026-08-06T12:15:00+00:00,0.32,0.53,13.69,14.44,0.0
2026-08-06T12:30:00+00:00,0.65,0.44,12.4,11.74,0.0
2026-08-06T12:45:00+00:00,0.53,0.39,13.6,12.69,0.0
2026-08-06T13:00:00+00:00,0.44,0.44,15.6,15.33,0.0
2026-08-06T13:15:00+00:00,0.36,1.06,15.48,16.82,0.0
2026-08-06T13:30:00+00:00,0.29,0.65,14.9,16.9,0.0
2026-08-06T13:45:00+00:00,0.24,0.69,16.17,16.89,0.0
2026-08-06T14:00:00+00:00,0.2,0.26,15.68,17.12,0.0
2026-08-06T14:15:00+00:00,0.16,0.32,15.52,15.28,0.0
2026-08-06T14:30:00+00:00,0.13,0.05,15.83,14.26,0.0
2026-08-06T14:45:00+00:00,0.11,0.0,16.84,16.42,0.0
2026-08-06T15:00:00+00:00,0.09,0.98,18.03,18.23,0.0
2026-08-06T15:15:00+00:00,0.07,0.21,16.83,16.99,0.0
2026-08-06T15:30:00+00:00,0.06,0.0,16.95,16.04,0.0
2026-08-06T15:45:00+00:00,0.05,0.17,17.75,17.45,0.0
2026-08-06T16:00:00+00:00,0.04,0.0,19.34,18.3,0.0
2026-08-06T16:15:00+00:00,0.03,0.2,18.9,18.69,0.0
2026-08-06T16:30:00+00:00,0.03,0.0,19.5,19.02,0.0
2026-08-06T16:45:00+00:00,0.15,0.82,20.37,19.84,0.0
2026-08-06T17:00:00+00:00,0.12,0.0,19.89,20.63,0.0
2026-08-06T17:15:00+00:00,0.1,0.66,20.24,18.47,0.0
2026-08-06T17:30:00+00:00,0.08,0.0,18.3,17.91,0.0
2026-08-06T17:45:00+00:00,0.07,0.1,19.96,19.76,0.0
2026-08-06T18:00:00+00:00,0.06,0.0,20.89,21.36,0.0
2026-08-06T18:15:00+00:00,0.05,0.0,18.63,18.73,0.0
2026-08-06T18:30:00+00:00,0.04,0.0,19.12,19.4,0.0
2026-08-06T18:45:00+00:00,0.03,0.0,19.94,20.06,0.0
2026-08-06T19:00:00+00:00,0.03,0.31,20.55,19.55,0.0
2026-08-06T19:15:00+00:00,0.02,0.0,19.62,18.55,0.0
2026-08-06T19:30:00+00:00,0.02,0.0,20.11,21.47,0.0
2026-08-06T19:45:00+00:00,0.01,0.03,20.99,20.54,0.0
2026-08-06T20:00:00+00:00,0.01,0.0,20.13,19.38,0.0
2026-08-06T20:15:00+00:00,0.01,0.0,19.5,19.75,0.0
2026-08-06T20:30:00+00:00,0.01,0.27,19.82,20.32,0.0
2026-08-06T20:45:00+00:00,0.01,0.0,19.45,19.35,0.0
2026-08-06T21:00:00+00:00,0.01,0.91,19.03,18.82,0.0
2026-08-06T21:15:00+00:00,0.0,0.64,18.33,18.31,0.0
2026-08-06T21:30:00+00:00,0.0,0.0,17.68,16.3,0.0
2026-08-06T21:45:00+00:00,0.0,1.22,18.0,18.72,0.0
2026-08-06T22:00:00+00:00,0.0,0.0,18.82,19.43,0.0
2026-08-06T22:15:00+00:00,0.0,0.0,18.45,18.36,0.0
2026-08-06T22:30:00+00:00,0.0,0.0,17.8,16.53,0.0
2026-08-06T22:45:00+00:00,0.0,0.18,18.75,20.26,0.0
2026-08-06T23:00:00+00:00,0.0,0.0,18.54,17.26,0.0
2026-08-06T23:15:00+00:00,0.0,0.0,16.24,15.93,0.0
2026-08-06T23:30:00+00:00,0.0,0.48,17.22,16.71,0.0
2026-08-06T23:45:00+00:00,0.0,0.56,16.53,17.56,0.0
2026-08-07T00:00:00+00:00,0.0,0.0,15.81,14.72,0.0
2026-08-07T00:15:00+00:00,0.0,0.0,14.21,14.25,0.0
2026-08-07T00:30:00+00:00,0.0,0.0,15.13,15.25,0.0
2026-08-07T00:45:00+00:00,0.0,0.0,14.39,13.64,0.0
2026-08-07T01:00:00+00:00,0.0,0.0,14.53,16.31,0.0
2026-08-07T01:15:00+00:00,0.0,0.34,13.37,13.65,0.0
2026-08-07T01:30:00+00:00,0.0,0.0,13.88,14.22,0.0
2026-08-07T01:45:00+00:00,0.0,0.77,13.01,11.76,0.0
2026-08-07T02:00:00+00:00,0.0,0.0,13.52,13.39,0.0
2026-08-07T02:15:00+00:00,0.0,1.07,12.34,12.36,0.0
2026-08-07T02:30:00+00:00,0.0,0.0,10.33,9.94,0.0
2026-08-07T02:45:00+00:00,0.0,0.0,11.6,12.81,0.0
2026-08-07T03:00:00+00:00,0.0,0.0,12.0,11.67,0.0
2026-08-07T03:15:00+00:00,0.0,0.29,10.83,9.61,0.0
2026-08-07T03:30:00+00:00,0.0,0.2,11.6,11.51,0.0
2026-08-07T03:45:00+00:00,0.0,0.68,11.12,11.63,0.0
2026-08-07T04:00:00+00:00,0.0,0.47,11.85,11.03,0.0
2026-08-07T04:15:00+00:00,0.0,0.0,8.74,8.21,0.0
2026-08-07T04:30:00+00:00,0.0,0.04,10.69,9.74,0.0
2026-08-07T04:45:00+00:00,0.0,0.0,10.34,11.11,0.0
2026-08-07T05:00:00+00:00,0.0,0.0,10.04,10.13,0.0
2026-08-07T05:15:00+00:00,0.0,0.0,10.52,11.13,0.0
2026-08-07T05:30:00+00:00,0.0,0.19,8.8,8.8,0.0
2026-08-07T05:45:00+00:00,0.0,0.0,9.23,9.52,0.0
2026-08-07T06:00:00+00:00,0.0,1.04,8.5,6.75,0.0
2026-08-07T06:15:00+00:00,0.0,0.64,8.35,9.21,0.0
2026-08-07T06:30:00+00:00,0.0,0.44,9.86,9.72,0.0
2026-08-07T06:45:00+00:00,0.0,0.0,8.92,8.98,0.0
2026-08-07T07:00:00+00:00,0.0,0.25,8.96,9.44,0.0
2026-08-07T07:15:00+00:00,0.0,0.0,7.88,9.77,0.0
2026-08-07T07:30:00+00:00,0.0,0.0,9.22,8.88,0.0
2026-08-07T07:45:00+00:00,0.0,0.21,9.02,9.72,0.0
2026-08-07T08:00:00+00:00,0.0,0.0,9.03,8.47,0.0
2026-08-07T08:15:00+00:00,0.0,0.0,9.68,10.54,0.0
2026-08-07T08:30:00+00:00,0.0,0.46,8.28,8.71,0.0
2026-08-07T08:45:00+00:00,0.0,0.57,9.48,9.39,0.0
2026-08-07T09:00:00+00:00,0.0,1.07,9.76,9.91,0.0
2026-08-07T09:15:00+00:00,0.0,0.55,9.67,10.48,0.0
2026-08-07T09:30:00+00:00,0.0,0.26,9.74,10.12,0.0
2026-08-07T09:45:00+00:00,0.0,0.0,10.51,10.27,0.0
2026-08-07T10:00:00+00:00,0.0,0.62,10.25,10.76,0.0
2026-08-07T10:15:00+00:00,0.0,0.0,10.28,11.08,0.0
2026-08-07T10:30:00+00:00,0.0,0.25,9.73,10.58,0.0
2026-08-07T10:45:00+00:00,0.0,0.03,11.59,11.39,0.0
2026-08-07T11:00:00+00:00,0.0,0.62,12.05,12.62,0.0
2026-08-07T11:15:00+00:00,0.0,0.89,12.97,12.89,0.0
2026-08-07T11:30:00+00:00,0.0,0.0,12.47,12.18,0.0
2026-08-07T11:45:00+00:00,0.0,0.0,12.15,11.5,0.0
2026-08-07T12:00:00+00:00,0.0,0.29,12.47,12.82,0.0
2026-08-07T12:15:00+00:00,0.0,0.0,13.41,13.4,0.0
2026-08-07T12:30:00+00:00,0.0,0.0,14.13,13.98,0.0
2026-08-07T12:45:00+00:00,0.0,0.06,15.41,13.86,0.0
2026-08-07T13:00:00+00:00,0.0,0.46,13.57,13.63,0.0
2026-08-07T13:15:00+00:00,0.0,0.51,15.24,15.0,0.0
2026-08-07T13:30:00+00:00,0.0,0.31,16.31,15.65,0.0
2026-08-07T13:45:00+00:00,1.28,1.72,16.04,15.16,0.0
2026-08-07T14:00:00+00:00,1.05,1.48,16.54,16.39,0.0
2026-08-07T14:15:00+00:00,0.86,1.09,16.12,15.43,0.0
2026-08-07T14:30:00+00:00,0.7,0.76,15.99,15.41,0.0
2026-08-07T14:45:00+00:00,0.58,0.52,16.21,16.28,0.0
2026-08-07T15:00:00+00:00,0.47,0.83,18.39,18.9,0.0
2026-08-07T15:15:00+00:00,0.39,0.47,17.28,15.55,0.0
2026-08-07T15:30:00+00:00,0.46,0.63,17.5,17.62,0.0
2026-08-07T15:45:00+00:00,0.38,0.76,17.94,18.67,0.0
2026-08-07T16:00:00+00:00,0.31,0.21,18.29,17.33,0.0
2026-08-07T16:15:00+00:00,0.26,0.0,19.26,18.11,0.0
2026-08-07T16:30:00+00:00,0.21,0.56,17.56,16.75,0.0
2026-08-07T16:45:00+00:00,0.17,0.72,19.03,20.42,0.0
2026-08-07T17:00:00+00:00,0.14,0.86,19.29,19.33,0.0
2026-08-07T17:15:00+00:00,0.12,0.42,19.36,18.35,0.0
2026-08-07T17:30:00+00:00,0.09,0.06,19.68,19.87,0.0
2026-08-07T17:45:00+00:00,0.08,0.67,20.58,20.93,0.0
2026-08-07T18:00:00+00:00,0.06,1.22,19.62,19.69,0.0
2026-08-07T18:15:00+00:00,0.08,0.12,19.71,21.1,0.0
2026-08-07T18:30:00+00:00,0.06,0.0,20.19,20.55,0.0
2026-08-07T18:45:00+00:00,0.05,0.2,19.9,18.87,0.0
2026-08-07T19:00:00+00:00,0.04,0.44,20.93,22.41,0.0
2026-08-07T19:15:00+00:00,0.04,0.0,20.77,21.7,0.0
2026-08-07T19:30:00+00:00,0.03,0.38,19.46,19.27,0.0
2026-08-07T19:45:00+00:00,0.02,0.39,20.02,20.61,0.0
2026-08-07T20:00:00+00:00,3.18,2.65,19.74,20.64,0.0
2026-08-07T20:15:00+00:00,2.6,2.52,19.12,20.57,0.0
2026-08-07T20:30:00+00:00,2.14,2.3,18.42,18.27,0.0
2026-08-07T20:45:00+00:00,1.75,1.26,19.39,17.95,0.0
2026-08-07T21:00:00+00:00,1.44,1.61,20.79,20.22,0.0
2026-08-07T21:15:00+00:00,1.18,1.02,20.04,19.9,0.0
2026-08-07T21:30:00+00:00,1.5,2.02,19.09,19.09,0.0
2026-08-07T21:45:00+00:00,1.23,1.26,19.71,19.55,0.0
2026-08-07T22:00:00+00:00,1.01,1.46,19.68,20.02,0.0
2026-08-07T22:15:00+00:00,4.51,3.79,17.19,17.28,0.0
2026-08-07T22:30:00+00:00,3.7,2.66,18.44,18.32,0.0
2026-08-07T22:45:00+00:00,3.03,2.66,18.64,19.61,0.0
2026-08-07T23:00:00+00:00,2.49,1.92,16.81,16.15,0.0
2026-08-07T23:15:00+00:00,2.04,2.01,16.27,15.61,0.0
2026-08-07T23:30:00+00:00,1.67,1.28,16.59,17.61,0.0
2026-08-07T23:45:00+00:00,1.37,1.3,16.2,15.97,0.0
2026-08-08T00:00:00+00:00,1.12,0.98,15.06,14.76,0.0
2026-08-08T00:15:00+00:00,0.92,0.07,13.88,15.33,0.0
2026-08-08T00:30:00+00:00,0.76,1.18,15.2,15.08,0.0
2026-08-08T00:45:00+00:00,0.62,1.43,13.07,13.88,0.0
2026-08-08T01:00:00+00:00,0.51,0.68,15.32,15.77,0.0
2026-08-08T01:15:00+00:00,0.42,0.36,14.25,12.97,0.0
2026-08-08T01:30:00+00:00,0.34,0.18,13.05,11.98,0.0
2026-08-08T01:45:00+00:00,0.28,0.0,14.1,13.57,0.0
2026-08-08T02:00:00+00:00,0.23,0.0,12.09,11.01,0.0
2026-08-08T02:15:00+00:00,0.19,0.47,12.63,12.08,0.0
2026-08-08T02:30:00+00:00,0.15,0.0,13.25,12.79,0.0
2026-08-08T02:45:00+00:00,0.13,0.66,12.82,12.69,0.0
2026-08-08T03:00:00+00:00,0.1,0.0,12.92,11.72,0.0
2026-08-08T03:15:00+00:00,0.09,0.75,11.12,12.6,0.0
2026-08-08T03:30:00+00:00,0.07,0.65,9.85,9.66,0.0
2026-08-08T03:45:00+00:00,0.06,0.0,11.46,12.12,0.0
2026-08-08T04:00:00+00:00,0.05,0.0,11.23,10.57,0.0
2026-08-08T04:15:00+00:00,0.04,0.0,10.27,10.1,0.0
2026-08-08T04:30:00+00:00,0.03,0.0,8.46,8.2,0.0
2026-08-08T04:45:00+00:00,0.03,0.57,8.26,8.3,0.0
2026-08-08T05:00:00+00:00,0.02,0.34,8.66,8.58,0.0
2026-08-08T05:15:00+00:00,0.02,0.0,9.68,8.16,0.0
2026-08-08T05:30:00+00:00,0.01,0.0,9.67,10.35,0.0
2026-08-08T05:45:00+00:00,0.01,0.0,8.57,8.83,0.0
2026-08-08T06:00:00+00:00,0.37,0.81,8.99,8.43,0.0
2026-08-08T06:15:00+00:00,1.94,2.54,8.39,8.49,0.0
2026-08-08T06:30:00+00:00,1.59,2.08,8.75,8.22,0.0
2026-08-08T06:45:00+00:00,1.3,1.59,8.72,8.55,0.0
2026-08-08T07:00:00+00:00,1.07,1.07,7.87,6.95,0.0
2026-08-08T07:15:00+00:00,0.88,1.03,8.21,5.45,0.0
2026-08-08T07:30:00+00:00,0.72,0.97,7.96,6.31,0.0
2026-08-08T07:45:00+00:00,0.59,0.17,9.25,9.54,0.0
2026-08-08T08:00:00+00:00,1.43,0.68,8.32,8.23,0.0
2026-08-08T08:15:00+00:00,1.17,2.15,8.33,9.45,0.0
2026-08-08T08:30:00+00:00,0.96,1.71,10.05,10.88,0.0
2026-08-08T08:45:00+00:00,0.79,1.06,9.33,9.71,0.0
2026-08-08T09:00:00+00:00,0.65,0.66,9.46,8.12,0.0
2026-08-08T09:15:00+00:00,0.53,1.19,10.36,9.33,0.0
2026-08-08T09:30:00+00:00,0.43,0.17,10.87,10.67,0.0
2026-08-08T09:45:00+00:00,0.36,0.0,10.9,11.7,0.0
2026-08-08T10:00:00+00:00,0.29,0.98,10.8,11.01,0.0
2026-08-08T10:15:00+00:00,0.24,0.0,10.95,10.35,0.0
2026-08-08T10:30:00+00:00,0.2,0.0,10.63,9.54,0.0
2026-08-08T10:45:00+00:00,0.16,0.82,12.35,12.16,0.0
2026-08-08T11:00:00+00:00,0.13,0.57,11.16,10.95,0.0
2026-08-08T11:15:00+00:00,0.11,0.0,12.36,11.75,0.0
2026-08-08T11:30:00+00:00,0.09,0.06,11.74,12.58,0.0
2026-08-08T11:45:00+00:00,0.07,0.0,12.68,12.14,0.0
2026-08-08T12:00:00+00:00,0.06,0.01,13.14,12.9,0.0
2026-08-08T12:15:00+00:00,0.05,0.0,14.95,13.54,0.0
2026-08-08T12:30:00+00:00,0.04,0.03,14.33,14.97,0.0
2026-08-08T12:45:00+00:00,0.03,0.0,13.4,12.77,0.0
2026-08-08T13:00:00+00:00,0.03,0.15,13.59,12.89,0.0
2026-08-08T13:15:00+00:00,0.02,0.08,15.1,15.3,0.0
2026-08-08T13:30:00+00:00,0.02,0.36,15.93,14.61,0.0
2026-08-08T13:45:00+00:00,0.01,0.06,15.87,14.23,0.0
2026-08-08T14:00:00+00:00,0.01,0.04,16.34,17.08,0.0
2026-08-08T14:15:00+00:00,0.01,0.0,16.53,17.18,0.0
2026-08-08T14:30:00+00:00,0.01,0.33,15.38,15.3,0.0
2026-08-08T14:45:00+00:00,0.01,0.69,16.84,16.53,0.0
2026-08-08T15:00:00+00:00,0.01,0.6,17.21,17.23,0.0
2026-08-08T15:15:00+00:00,0.64,0.89,16.54,17.32,0.0
2026-08-08T15:30:00+00:00,0.52,0.07,17.48,16.66,0.0
2026-08-08T15:45:00+00:00,0.43,2.14,18.28,16.68,0.0
2026-08-08T16:00:00+00:00,0.35,0.73,18.99,18.44,0.0
2026-08-08T16:15:00+00:00,0.29,0.82,19.21,19.95,0.0
2026-08-08T16:30:00+00:00,0.24,1.26,20.63,20.7,0.0
2026-08-08T16:45:00+00:00,0.19,0.27,20.29,20.63,0.0
2026-08-08T17:00:00+00:00,0.16,0.0,20.02,20.4,0.0
2026-08-08T17:15:00+00:00,0.13,0.84,18.22,19.54,0.0
2026-08-08T17:30:00+00:00,0.11,0.55,19.17,17.57,0.0
2026-08-08T17:45:00+00:00,0.09,0.02,19.85,19.86,0.0
2026-08-08T18:00:00+00:00,0.07,0.31,19.3,20.64,0.0
2026-08-08T18:15:00+00:00,0.06,0.0,20.23,21.86,0.0
2026-08-08T18:30:00+00:00,0.05,0.08,21.42,21.25,0.0
2026-08-08T18:45:00+00:00,0.04,0.0,19.22,20.08,0.0
2026-08-08T19:00:00+00:00,0.03,0.0,20.56,21.88,0.0
2026-08-08T19:15:00+00:00,0.03,0.0,21.03,20.77,0.0
2026-08-08T19:30:00+00:00,0.02,0.09,19.69,17.81,0.0
2026-08-08T19:45:00+00:00,0.02,0.0,20.96,21.88,0.0
2026-08-08T20:00:00+00:00,0.01,0.61,20.96,21.64,0.0
2026-08-08T20:15:00+00:00,0.01,0.23,19.37,20.81,0.0
2026-08-08T20:30:00+00:00,0.01,0.66,20.51,19.51,0.0
2026-08-08T20:45:00+00:00,0.01,0.92,19.42,20.36,0.0
2026-08-08T21:00:00+00:00,0.01,1.17,20.33,20.22,0.0
2026-08-08T21:15:00+00:00,0.01,0.42,19.74,19.03,0.0
2026-08-08T21:30:00+00:00,0.0,0.89,19.61,19.83,0.0
2026-08-08T21:45:00+00:00,0.0,0.0,18.43,18.24,0.0
2026-08-08T22:00:00+00:00,0.0,0.0,18.77,18.97,0.0
2026-08-08T22:15:00+00:00,0.0,0.0,18.13,17.46,0.0
2026-08-08T22:30:00+00:00,0.0,0.0,17.83,17.91,0.0
2026-08-08T22:45:00+00:00,0.0,0.0,19.19,18.03,0.0
2026-08-08T23:00:00+00:00,0.0,0.13,18.16,18.08,0.0
2026-08-08T23:15:00+00:00,0.0,0.14,17.99,16.51,0.0
2026-08-08T23:30:00+00:00,0.0,0.0,16.55,17.3,0.0
2026-08-08T23:45:00+00:00,0.0,0.0,16.17,16.31,0.0
2026-08-09T00:00:00+00:00,0.0,0.0,15.9,15.89,0.0
2026-08-09T00:15:00+00:00,0.0,0.0,16.77,17.26,0.0
2026-08-09T00:30:00+00:00,0.0,0.0,16.01,17.04,0.0
2026-08-09T00:45:00+00:00,0.0,0.11,14.97,15.54,0.0
2026-08-09T01:00:00+00:00,0.0,0.0,14.49,14.45,0.0
2026-08-09T01:15:00+00:00,0.0,0.0,13.19,12.22,0.0
2026-08-09T01:30:00+00:00,0.0,0.14,13.05,13.69,0.0
2026-08-09T01:45:00+00:00,0.0,0.05,14.59,13.78,0.0
2026-08-09T02:00:00+00:00,0.0,0.36,12.33,11.66,0.0
2026-08-09T02:15:00+00:00,0.0,0.84,11.98,12.77,0.0
2026-08-09T02:30:00+00:00,0.0,0.0,11.5,12.24,0.0
2026-08-09T02:45:00+00:00,0.0,0.07,13.44,13.64,0.0
2026-08-09T03:00:00+00:00,0.0,0.0,11.8,10.86,0.0
2026-08-09T03:15:00+00:00,0.0,0.12,11.5,13.38,0.0
2026-08-09T03:30:00+00:00,0.0,0.09,10.33,10.97,0.0
2026-08-09T03:45:00+00:00,0.0,0.0,11.29,11.06,0.0
2026-08-09T04:00:00+00:00,0.0,0.0,9.99,8.25,0.0
2026-08-09T04:15:00+00:00,0.0,0.0,10.55,10.8,0.0
2026-08-09T04:30:00+00:00,0.0,0.0,10.08,9.63,0.0
2026-08-09T04:45:00+00:00,0.0,0.0,10.59,10.15,0.0
2026-08-09T05:00:00+00:00,0.0,0.2,8.89,8.93,0.0
2026-08-09T05:15:00+00:00,0.0,0.0,9.02,9.62,0.0
2026-08-09T05:30:00+00:00,0.0,0.0,8.25,7.55,0.0
2026-08-09T05:45:00+00:00,0.0,0.37,10.12,10.68,0.0
2026-08-09T06:00:00+00:00,0.0,0.39,8.67,7.38,0.0
2026-08-09T06:15:00+00:00,0.0,0.53,9.76,10.85,0.0
2026-08-09T06:30:00+00:00,0.0,0.27,9.77,10.02,0.0
2026-08-09T06:45:00+00:00,2.82,2.84,8.0,7.58,0.0
2026-08-09T07:00:00+00:00,2.31,1.97,8.18,7.56,0.0
2026-08-09T07:15:00+00:00,1.9,2.22,8.69,8.64,0.0
2026-08-09T07:30:00+00:00,1.55,1.71,8.6,8.63,0.0
2026-08-09T07:45:00+00:00,1.27,0.93,8.87,10.71,0.0
2026-08-09T08:00:00+00:00,1.05,0.9,8.65,7.9,0.0
2026-08-09T08:15:00+00:00,0.86,0.67,9.91,9.2,0.0
2026-08-09T08:30:00+00:00,0.7,1.02,9.03,8.17,0.0
2026-08-09T08:45:00+00:00,0.58,1.35,9.23,9.2,0.0
2026-08-09T09:00:00+00:00,0.47,0.85,9.51,8.79,0.0
2026-08-09T09:15:00+00:00,0.39,0.19,9.03,8.9,0.0
2026-08-09T09:30:00+00:00,0.32,0.86,9.33,9.03,0.0
2026-08-09T09:45:00+00:00,0.26,0.0,9.52,8.72,0.0
2026-08-09T10:00:00+00:00,0.21,0.57,10.45,11.68,0.0
2026-08-09T10:15:00+00:00,0.18,0.0,11.8,12.29,0.0
2026-08-09T10:30:00+00:00,0.14,0.0,11.23,10.89,0.0
2026-08-09T10:45:00+00:00,0.12,0.19,9.38,9.33,0.0
2026-08-09T11:00:00+00:00,0.1,0.12,11.85,11.21,0.0
2026-08-09T11:15:00+00:00,0.08,0.24,12.28,12.69,0.0
2026-08-09T11:30:00+00:00,0.06,0.29,11.99,11.9,0.0
2026-08-09T11:45:00+00:00,0.05,0.11,11.81,11.54,0.0
2026-08-09T12:00:00+00:00,0.04,0.04,12.99,13.21,0.0
2026-08-09T12:15:00+00:00,0.04,0.18,13.43,11.76,0.0
2026-08-09T12:30:00+00:00,0.03,0.0,13.19,13.53,0.0
2026-08-09T12:45:00+00:00,0.02,0.61,15.65,15.75,0.0
2026-08-09T13:00:00+00:00,0.02,0.48,14.08,14.42,0.0
2026-08-09T13:15:00+00:00,0.02,0.4,14.0,15.74,0.0
2026-08-09T13:30:00+00:00,0.01,0.0,16.44,16.57,0.0
2026-08-09T13:45:00+00:00,0.01,0.0,15.27,14.2,0.0
2026-08-09T14:00:00+00:00,0.01,0.53,16.64,16.24,0.0
2026-08-09T14:15:00+00:00,0.01,0.07,16.8,16.08,0.0
2026-08-09T14:30:00+00:00,0.01,0.13,17.77,16.97,0.0
2026-08-09T14:45:00+00:00,0.0,0.0,17.16,17.53,0.0
2026-08-09T15:00:00+00:00,0.0,0.66,16.97,17.96,0.0
2026-08-09T15:15:00+00:00,0.0,0.0,17.96,18.7,0.0
2026-08-09T15:30:00+00:00,0.0,0.0,16.82,15.98,0.0
2026-08-09T15:45:00+00:00,0.0,0.0,19.18,19.4,0.0
2026-08-09T16:00:00+00:00,0.0,0.0,19.1,18.23,0.0
2026-08-09T16:15:00+00:00,0.0,0.39,19.91,20.21,0.0
2026-08-09T16:30:00+00:00,0.0,0.0,18.74,19.86,0.0
2026-08-09T16:45:00+00:00,0.0,0.28,19.72,20.22,0.0
2026-08-09T17:00:00+00:00,0.0,0.0,20.25,20.31,0.0
2026-08-09T17:15:00+00:00,0.0,0.5,19.58,19.62,0.0
2026-08-09T17:30:00+00:00,0.0,0.0,19.66,20.36,0.0
2026-08-09T17:45:00+00:00,0.0,0.0,20.25,18.56,0.0
2026-08-09T18:00:00+00:00,0.0,0.0,20.17,21.3,0.0
2026-08-09T18:15:00+00:00,0.0,0.0,19.98,19.78,0.0
2026-08-09T18:30:00+00:00,0.0,0.53,20.26,21.42,0.0
2026-08-09T18:45:00+00:00,0.0,0.45,20.45,19.95,0.0
2026-08-09T19:00:00+00:00,0.0,0.31,19.36,20.68,0.0
2026-08-09T19:15:00+00:00,0.0,0.08,19.81,20.27,0.0
2026-08-09T19:30:00+00:00,0.0,0.37,21.23,22.47,0.0
2026-08-09T19:45:00+00:00,0.0,0.21,20.93,21.54,0.0
2026-08-09T20:00:00+00:00,0.0,0.0,20.6,20.51,0.0
2026-08-09T20:15:00+00:00,0.0,0.19,20.35,19.81,0.0
2026-08-09T20:30:00+00:00,0.0,0.0,19.45,20.62,0.0
2026-08-09T20:45:00+00:00,0.0,0.0,19.88,19.91,0.0
2026-08-09T21:00:00+00:00,0.0,0.0,19.32,19.58,0.0
2026-08-09T21:15:00+00:00,0.0,0.09,20.03,20.44,0.0
2026-08-09T21:30:00+00:00,0.0,0.0,18.82,20.31,0.0
2026-08-09T21:45:00+00:00,0.0,0.0,18.48,19.41,0.0
2026-08-09T22:00:00+00:00,0.0,0.42,19.12,19.99,0.0
2026-08-09T22:15:00+00:00,0.0,0.0,19.13,19.92,0.0
2026-08-09T22:30:00+00:00,0.0,0.0,16.54,16.97,0.0
2026-08-09T22:45:00+00:00,0.0,0.48,18.35,18.03,0.0
2026-08-09T23:00:00+00:00,0.0,0.0,17.97,17.65,0.0
2026-08-09T23:15:00+00:00,0.0,0.0,16.17,13.8,0.0
2026-08-09T23:30:00+00:00,0.0,0.0,16.31,16.4,0.0
2026-08-09T23:45:00+00:00,0.0,0.0,17.48,17.66,0.0
2026-08-10T00:00:00+00:00,0.0,0.15,14.67,15.2,0.0
2026-08-10T00:15:00+00:00,0.0,0.0,14.67,14.3,0.0
2026-08-10T00:30:00+00:00,0.0,0.01,15.85,15.78,0.0
2026-08-10T00:45:00+00:00,0.0,0.0,14.36,13.66,0.0
2026-08-10T01:00:00+00:00,0.0,1.07,14.83,15.58,0.0
2026-08-10T01:15:00+00:00,0.0,0.55,15.01,15.2,0.0
2026-08-10T01:30:00+00:00,0.13,0.51,14.01,15.29,0.0
2026-08-10T01:45:00+00:00,0.11,0.0,13.28,12.46,0.0
2026-08-10T02:00:00+00:00,0.09,1.28,13.66,14.64,0.0
2026-08-10T02:15:00+00:00,0.07,0.42,12.0,12.05,0.0
2026-08-10T02:30:00+00:00,0.06,0.5,12.26,12.73,0.0
2026-08-10T02:45:00+00:00,0.05,0.69,12.02,13.2,0.0
2026-08-10T03:00:00+00:00,0.04,0.0,11.36,12.14,0.0
2026-08-10T03:15:00+00:00,0.03,0.0,11.39,11.07,0.0
2026-08-10T03:30:00+00:00,0.03,0.56,11.96,12.15,0.0
2026-08-10T03:45:00+00:00,0.02,0.0,11.88,11.63,0.0
2026-08-10T04:00:00+00:00,0.02,0.0,10.63,11.2,0.0
2026-08-10T04:15:00+00:00,0.36,0.33,11.15,12.16,0.0
2026-08-10T04:30:00+00:00,0.3,0.0,8.83,9.84,0.0
2026-08-10T04:45:00+00:00,0.24,1.13,9.7,10.64,0.0
2026-08-10T05:00:00+00:00,0.2,0.03,8.7,9.28,0.0
2026-08-10T05:15:00+00:00,0.16,0.0,9.67,10.24,0.0
2026-08-10T05:30:00+00:00,0.13,0.0,8.8,7.72,0.0
2026-08-10T05:45:00+00:00,0.11,0.05,8.51,8.93,0.0
2026-08-10T06:00:00+00:00,0.09,0.0,8.69,10.43,0.0
2026-08-10T06:15:00+00:00,0.07,0.55,8.08,10.24,0.0
2026-08-10T06:30:00+00:00,0.06,0.02,8.61,8.96,0.0
2026-08-10T06:45:00+00:00,0.05,0.15,8.83,8.42,0.0
2026-08-10T07:00:00+00:00,0.04,0.7,8.24,7.09,0.0
2026-08-10T07:15:00+00:00,0.03,0.38,7.68,7.26,0.0
2026-08-10T07:30:00+00:00,0.03,0.46,9.81,9.94,0.0
2026-08-10T07:45:00+00:00,0.02,0.0,8.26,7.68,0.0
2026-08-10T08:00:00+00:00,0.02,0.0,8.33,8.65,0.0
2026-08-10T08:15:00+00:00,0.02,0.26,8.29,9.12,0.0
2026-08-10T08:30:00+00:00,0.01,0.69,8.99,9.79,0.0
2026-08-10T08:45:00+00:00,0.01,0.1,8.69,8.2,0.0
2026-08-10T09:00:00+00:00,0.01,0.0,10.17,9.82,0.0
2026-08-10T09:15:00+00:00,0.01,0.14,8.55,9.45,0.0
2026-08-10T09:30:00+00:00,0.01,0.19,10.66,11.18,0.0
2026-08-10T09:45:00+00:00,0.0,0.0,10.68,11.21,0.0
2026-08-10T10:00:00+00:00,0.0,0.0,10.02,10.95,0.0
2026-08-10T10:15:00+00:00,0.0,0.16,10.38,9.95,0.0
2026-08-10T10:30:00+00:00,0.0,0.0,10.25,9.26,0.0
2026-08-10T10:45:00+00:00,0.0,0.07,11.96,13.35,0.0
2026-08-10T11:00:00+00:00,0.0,0.0,11.03,9.47,0.0
2026-08-10T11:15:00+00:00,0.0,0.0,12.26,10.34,0.0
2026-08-10T11:30:00+00:00,0.0,0.0,10.82,12.36,0.0
2026-08-10T11:45:00+00:00,0.0,1.55,12.3,13.38,0.0
2026-08-10T12:00:00+00:00,0.0,0.46,13.11,13.84,0.0
2026-08-10T12:15:00+00:00,0.0,0.0,14.91,13.86,0.0
2026-08-10T12:30:00+00:00,0.0,0.74,13.86,11.65,0.0
2026-08-10T12:45:00+00:00,0.0,0.8,13.54,13.42,0.0
2026-08-10T13:00:00+00:00,0.0,0.28,14.42,14.52,0.0
2026-08-10T13:15:00+00:00,0.0,0.54,16.48,16.87,0.0
2026-08-10T13:30:00+00:00,0.0,0.49,17.3,18.24,0.0
2026-08-10T13:45:00+00:00,0.0,0.39,15.36,14.71,0.0
2026-08-10T14:00:00+00:00,0.0,0.19,16.05,16.95,0.0
2026-08-10T14:15:00+00:00,0.0,0.08,15.26,16.32,0.0
2026-08-10T14:30:00+00:00,0.0,0.14,17.82,16.76,0.0
2026-08-10T14:45:00+00:00,0.0,0.69,17.93,18.2,0.0
2026-08-10T15:00:00+00:00,0.0,0.0,17.95,17.87,0.0
2026-08-10T15:15:00+00:00,0.0,0.0,17.42,17.24,0.0
2026-08-10T15:30:00+00:00,0.0,0.82,17.56,19.01,0.0
2026-08-10T15:45:00+00:00,0.0,0.58,16.9,16.01,0.0
2026-08-10T16:00:00+00:00,0.0,0.58,18.49,18.2,0.001
2026-08-10T16:15:00+00:00,0.0,0.0,17.97,18.16,0.001
2026-08-10T16:30:00+00:00,0.0,0.83,19.89,19.82,0.001
2026-08-10T16:45:00+00:00,0.0,0.0,19.65,19.45,0.002
2026-08-10T17:00:00+00:00,0.0,0.33,20.34,19.51,0.003
2026-08-10T17:15:00+00:00,0.0,0.53,18.6,20.16,0.004
2026-08-10T17:30:00+00:00,0.0,0.0,19.71,20.22,0.006
2026-08-10T17:45:00+00:00,0.0,0.87,20.13,20.85,0.008
2026-08-10T18:00:00+00:00,0.0,0.0,20.22,20.78,0.011
2026-08-10T18:15:00+00:00,0.0,0.0,20.85,19.97,0.015
2026-08-10T18:30:00+00:00,0.0,0.0,20.6,19.32,0.021
2026-08-10T18:45:00+00:00,0.0,0.98,19.11,19.51,0.029
2026-08-10T19:00:00+00:00,0.0,0.0,21.62,21.48,0.038
2026-08-10T19:15:00+00:00,0.0,0.12,19.52,18.65,0.05
2026-08-10T19:30:00+00:00,0.0,0.37,20.12,19.74,0.066
2026-08-10T19:45:00+00:00,0.0,0.2,19.9,20.15,0.085
2026-08-10T20:00:00+00:00,0.0,0.53,19.52,20.0,0.108
2026-08-10T20:15:00+00:00,0.68,0.62,19.63,20.08,0.135
2026-08-10T20:30:00+00:00,0.56,0.7,18.76,19.4,0.168
2026-08-10T20:45:00+00:00,0.46,1.49,20.84,20.77,0.206
2026-08-10T21:00:00+00:00,0.38,0.21,19.45,18.07,0.249
2026-08-10T21:15:00+00:00,0.31,0.81,20.76,20.3,0.298
2026-08-10T21:30:00+00:00,0.25,0.32,18.52,19.47,0.352
2026-08-10T21:45:00+00:00,0.36,0.7,19.24,18.06,0.411
2026-08-10T22:00:00+00:00,0.3,0.09,18.59,18.02,0.474
2026-08-10T22:15:00+00:00,0.24,0.19,16.91,17.69,0.539
2026-08-10T22:30:00+00:00,0.2,0.03,17.28,18.11,0.607
2026-08-10T22:45:00+00:00,0.16,0.31,16.37,15.63,0.674
2026-08-10T23:00:00+00:00,0.13,0.01,18.21,17.58,0.739
2026-08-10T23:15:00+00:00,0.13,0.78,17.0,16.27,0.801
2026-08-10T23:30:00+00:00,0.11,0.0,16.74,16.45,0.857
2026-08-10T23:45:00+00:00,0.09,0.24,17.12,17.26,0.906
2026-08-11T00:00:00+00:00,0.07,0.65,16.39,15.08,0.946
2026-08-11T00:15:00+00:00,0.06,0.2,15.24,14.05,0.976
2026-08-11T00:30:00+00:00,0.05,0.04,15.58,16.34,0.994
2026-08-11T00:45:00+00:00,0.05,0.0,14.43,12.61,1.0
2026-08-11T01:00:00+00:00,0.04,0.53,14.91,14.05,0.994
2026-08-11T01:15:00+00:00,0.03,0.85,13.12,14.21,0.976
2026-08-11T01:30:00+00:00,0.02,0.0,12.95,11.98,0.946
2026-08-11T01:45:00+00:00,0.02,0.63,13.0,13.16,0.906
2026-08-11T02:00:00+00:00,0.02,0.04,12.79,12.97,0.857
2026-08-11T02:15:00+00:00,0.01,0.0,13.75,14.23,0.801
2026-08-11T02:30:00+00:00,0.01,0.07,12.65,13.03,0.739
2026-08-11T02:45:00+00:00,0.01,0.0,10.18,9.89,0.674
2026-08-11T03:00:00+00:00,0.01,0.0,10.27,9.84,0.607
2026-08-11T03:15:00+00:00,0.01,0.08,10.91,10.69,0.539
2026-08-11T03:30:00+00:00,0.01,0.19,11.46,11.3,0.474
2026-08-11T03:45:00+00:00,0.0,0.0,11.26,10.5,0.411
2026-08-11T04:00:00+00:00,0.0,0.0,11.61,12.2,0.352
2026-08-11T04:15:00+00:00,0.0,0.18,8.86,8.45,0.298
2026-08-11T04:30:00+00:00,0.0,0.3,10.58,9.85,0.249
2026-08-11T04:45:00+00:00,0.0,0.36,9.07,9.02,0.206
2026-08-11T05:00:00+00:00,0.0,0.38,9.24,8.46,0.168
2026-08-11T05:15:00+00:00,0.0,0.14,9.05,9.56,0.135
2026-08-11T05:30:00+00:00,0.0,0.0,8.85,8.39,0.108
2026-08-11T05:45:00+00:00,0.0,0.45,9.55,8.61,0.085
2026-08-11T06:00:00+00:00,0.0,0.0,9.12,8.11,0.066
2026-08-11T06:15:00+00:00,0.0,0.2,8.65,8.51,0.05
2026-08-11T06:30:00+00:00,0.0,0.0,9.22,9.0,0.038
2026-08-11T06:45:00+00:00,0.0,1.01,8.98,8.61,0.029
2026-08-11T07:00:00+00:00,0.0,0.0,8.0,8.18,0.021
2026-08-11T07:15:00+00:00,0.0,0.0,8.03,8.59,0.015
2026-08-11T07:30:00+00:00,0.0,0.0,7.97,7.13,0.011
2026-08-11T07:45:00+00:00,0.0,0.29,9.5,8.77,0.008
2026-08-11T08:00:00+00:00,0.0,0.0,9.39,8.82,0.006
2026-08-11T08:15:00+00:00,0.0,0.55,7.9,7.24,0.004
2026-08-11T08:30:00+00:00,0.0,0.34,8.86,8.94,0.003
2026-08-11T08:45:00+00:00,0.0,0.0,10.31,10.2,0.002
2026-08-11T09:00:00+00:00,0.0,0.0,9.22,8.3,0.001
2026-08-11T09:15:00+00:00,0.0,0.0,9.4,10.23,0.001
2026-08-11T09:30:00+00:00,0.0,0.0,10.13,11.24,0.001
2026-08-11T09:45:00+00:00,0.0,0.68,10.95,11.73,0.0
2026-08-11T10:00:00+00:00,0.0,0.0,11.13,10.78,0.0
2026-08-11T10:15:00+00:00,0.0,0.0,11.28,11.44,0.0
2026-08-11T10:30:00+00:00,0.83,0.0,10.75,10.78,0.0
2026-08-11T10:45:00+00:00,0.68,0.95,10.41,11.81,0.0
2026-08-11T11:00:00+00:00,0.56,1.72,10.56,10.17,0.0
2026-08-11T11:15:00+00:00,0.46,0.02,13.07,12.76,0.0
2026-08-11T11:30:00+00:00,0.38,0.49,10.89,10.92,0.0
2026-08-11T11:45:00+00:00,0.31,0.91,12.27,13.82,0.0
2026-08-11T12:00:00+00:00,0.25,0.06,12.83,13.84,0.0
2026-08-11T12:15:00+00:00,0.21,0.02,14.19,15.49,0.0
2026-08-11T12:30:00+00:00,0.17,0.54,13.34,13.83,0.0
2026-08-11T12:45:00+00:00,0.14,0.4,13.57,12.98,0.0
2026-08-11T13:00:00+00:00,0.11,0.31,14.12,14.82,0.0
2026-08-11T13:15:00+00:00,0.09,0.23,16.51,16.52,0.0
2026-08-11T13:30:00+00:00,0.97,1.29,15.03,14.03,0.0
2026-08-11T13:45:00+00:00,0.8,0.66,15.48,16.28,0.0
2026-08-11T14:00:00+00:00,0.65,0.97,14.78,15.35,0.0
2026-08-11T14:15:00+00:00,0.53,0.33,17.84,17.07,0.0
2026-08-11T14:30:00+00:00,0.44,0.73,16.87,15.88,0.0
2026-08-11T14:45:00+00:00,0.36,0.34,17.42,16.53,0.0
2026-08-11T15:00:00+00:00,0.29,0.14,17.23,18.87,0.0
2026-08-11T15:15:00+00:00,0.24,0.12,18.93,18.16,0.0
2026-08-11T15:30:00+00:00,0.2,0.7,18.34,18.08,0.0
2026-08-11T15:45:00+00:00,0.16,0.09,18.06,18.43,0.0
2026-08-11T16:00:00+00:00,0.13,0.29,20.31,20.83,0.0
2026-08-11T16:15:00+00:00,0.11,0.0,19.44,19.44,0.0
2026-08-11T16:30:00+00:00,0.09,0.25,20.11,19.01,0.0
2026-08-11T16:45:00+00:00,0.07,0.36,19.28,18.75,0.0
2026-08-11T17:00:00+00:00,0.06,0.0,18.36,19.22,0.0
2026-08-11T17:15:00+00:00,0.05,0.0,20.42,19.69,0.0
2026-08-11T17:30:00+00:00,0.04,0.05,20.38,20.21,0.0
2026-08-11T17:45:00+00:00,0.03,0.0,19.36,20.17,0.0
2026-08-11T18:00:00+00:00,0.03,0.0,19.25,19.0,0.0
2026-08-11T18:15:00+00:00,0.02,0.83,19.7,18.81,0.0
2026-08-11T18:30:00+00:00,1.28,0.96,22.07,21.32,0.0
2026-08-11T18:45:00+00:00,1.05,1.04,20.35,21.04,0.0
2026-08-11T19:00:00+00:00,0.86,1.07,20.33,20.33,0.0
2026-08-11T19:15:00+00:00,0.71,0.32,19.45,19.6,0.0
2026-08-11T19:30:00+00:00,0.58,0.91,20.19,19.23,0.0
2026-08-11T19:45:00+00:00,0.47,0.83,20.18,20.15,0.0
2026-08-11T20:00:00+00:00,0.39,0.0,20.01,19.61,0.0
2026-08-11T20:15:00+00:00,0.32,0.89,20.6,20.78,0.0
2026-08-11T20:30:00+00:00,0.26,0.0,20.1,19.65,0.0
2026-08-11T20:45:00+00:00,0.32,0.29,19.12,19.19,0.0
2026-08-11T21:00:00+00:00,0.27,0.0,19.5,20.53,0.0
2026-08-11T21:15:00+00:00,0.22,0.0,19.01,18.12,0.0
2026-08-11T21:30:00+00:00,0.18,0.0,20.21,20.61,0.0
2026-08-11T21:45:00+00:00,0.15,0.05,18.91,18.65,0.0
2026-08-11T22:00:00+00:00,0.12,0.0,16.86,17.57,0.0
2026-08-11T22:15:00+00:00,0.1,0.23,18.84,19.55,0.0
2026-08-11T22:30:00+00:00,0.08,0.21,17.04,17.22,0.0
2026-08-11T22:45:00+00:00,0.07,0.0,17.34,17.75,0.0
2026-08-11T23:00:00+00:00,0.05,0.32,17.38,17.44,0.0
2026-08-11T23:15:00+00:00,0.04,0.06,17.24,18.06,0.0
2026-08-11T23:30:00+00:00,0.04,0.0,17.27,15.73,0.0
2026-08-11T23:45:00+00:00,0.03,0.06,16.43,18.03,0.0
2026-08-12T00:00:00+00:00,0.02,0.35,15.13,15.76,0.0
2026-08-12T00:15:00+00:00,0.02,0.26,16.11,16.94,0.0
2026-08-12T00:30:00+00:00,0.02,0.62,14.75,15.3,0.0
2026-08-12T00:45:00+00:00,0.01,0.0,14.75,14.75,0.0
2026-08-12T01:00:00+00:00,0.01,0.48,14.17,13.89,0.0
2026-08-12T01:15:00+00:00,0.01,0.53,13.35,14.67,0.0
2026-08-12T01:30:00+00:00,0.01,0.0,12.95,14.45,0.0
2026-08-12T01:45:00+00:00,0.01,0.15,11.9,12.14,0.0
2026-08-12T02:00:00+00:00,0.01,0.0,11.18,11.5,0.0
2026-08-12T02:15:00+00:00,0.0,0.0,11.77,11.98,0.0
2026-08-12T02:30:00+00:00,0.0,0.3,12.12,11.15,0.0
2026-08-12T02:45:00+00:00,0.0,0.07,12.7,13.88,0.0
2026-08-12T03:00:00+00:00,0.0,0.3,12.37,11.73,0.0
2026-08-12T03:15:00+00:00,0.0,0.39,11.55,12.36,0.0
2026-08-12T03:30:00+00:00,0.0,0.68,10.65,11.21,0.0
2026-08-12T03:45:00+00:00,0.0,0.0,11.03,10.98,0.0
2026-08-12T04:00:00+00:00,2.86,2.41,10.96,11.5,0.0
2026-08-12T04:15:00+00:00,2.35,2.88,9.91,8.81,0.0
2026-08-12T04:30:00+00:00,1.92,1.55,9.12,8.5,0.0
2026-08-12T04:45:00+00:00,1.58,1.99,9.73,9.88,0.0
2026-08-12T05:00:00+00:00,1.29,1.71,9.18,10.78,0.0
2026-08-12T05:15:00+00:00,1.06,1.2,8.73,8.42,0.0
2026-08-12T05:30:00+00:00,0.87,1.05,8.85,8.08,0.0
2026-08-12T05:45:00+00:00,0.71,0.93,8.8,8.62,0.0
2026-08-12T06:00:00+00:00,0.59,0.82,8.15,7.13,0.0
2026-08-12T06:15:00+00:00,0.48,0.6,7.31,7.65,0.0
2026-08-12T06:30:00+00:00,0.39,0.41,8.48,10.09,0.0
2026-08-12T06:45:00+00:00,0.32,0.57,10.05,9.26,0.0
2026-08-12T07:00:00+00:00,0.26,1.4,9.32,10.64,0.0
2026-08-12T07:15:00+00:00,0.22,0.1,8.34,7.32,0.0
2026-08-12T07:30:00+00:00,0.18,0.86,8.34,9.36,0.0
2026-08-12T07:45:00+00:00,0.15,0.0,9.27,8.22,0.0
2026-08-12T08:00:00+00:00,0.12,0.0,9.65,10.3,0.0
2026-08-12T08:15:00+00:00,0.1,0.0,8.34,6.09,0.0
2026-08-12T08:30:00+00:00,0.08,0.0,9.87,10.43,0.0
2026-08-12T08:45:00+00:00,0.07,0.0,8.65,8.77,0.0
2026-08-12T09:00:00+00:00,0.05,0.0,10.14,9.5,0.0
2026-08-12T09:15:00+00:00,0.04,0.0,9.79,8.85,0.0
2026-08-12T09:30:00+00:00,0.04,0.04,9.61,9.12,0.0
2026-08-12T09:45:00+00:00,0.03,0.39,10.19,10.11,0.0
2026-08-12T10:00:00+00:00,0.02,0.36,10.14,9.21,0.0
2026-08-12T10:15:00+00:00,0.02,0.0,11.07,11.04,0.0
2026-08-12T10:30:00+00:00,0.02,0.02,10.84,9.74,0.0
2026-08-12T10:45:00+00:00,0.01,0.43,11.34,11.44,0.0
2026-08-12T11:00:00+00:00,0.01,0.22,10.77,10.87,0.0
2026-08-12T11:15:00+00:00,0.01,0.0,12.79,11.99,0.0
2026-08-12T11:30:00+00:00,0.01,0.0,13.37,13.87,0.0
2026-08-12T11:45:00+00:00,0.01,0.0,12.74,13.91,0.0
2026-08-12T12:00:00+00:00,0.0,0.0,12.85,12.53,0.0
2026-08-12T12:15:00+00:00,0.0,0.0,13.49,12.97,0.0
2026-08-12T12:30:00+00:00,0.67,0.0,13.81,15.22,0.0
2026-08-12T12:45:00+00:00,0.55,0.51,15.83,14.34,0.0
2026-08-12T13:00:00+00:00,0.45,0.6,15.64,14.29,0.0
2026-08-12T13:15:00+00:00,0.37,0.66,14.38,13.52,0.0
2026-08-12T13:30:00+00:00,0.3,0.69,15.5,14.26,0.0
2026-08-12T13:45:00+00:00,0.25,0.97,16.28,16.87,0.0
2026-08-12T14:00:00+00:00,0.2,0.15,15.73,15.49,0.0
2026-08-12T14:15:00+00:00,0.17,0.0,16.2,15.32,0.0
2026-08-12T14:30:00+00:00,0.14,1.21,17.33,16.18,0.0
2026-08-12T14:45:00+00:00,0.11,0.2,17.52,16.99,0.0
2026-08-12T15:00:00+00:00,0.09,0.0,16.7,16.58,0.0
2026-08-12T15:15:00+00:00,0.08,0.13,17.81,17.65,0.0
2026-08-12T15:30:00+00:00,0.06,0.0,16.87,17.69,0.0
2026-08-12T15:45:00+00:00,0.05,0.14,18.75,18.4,0.0
2026-08-12T16:00:00+00:00,0.04,0.84,18.98,20.33,0.0
2026-08-12T16:15:00+00:00,0.03,0.18,18.69,18.2,0.0
2026-08-12T16:30:00+00:00,0.03,0.02,18.23,17.46,0.0
2026-08-12T16:45:00+00:00,0.02,0.0,20.18,20.44,0.0
2026-08-12T17:00:00+00:00,0.02,0.06,20.37,20.79,0.0
2026-08-12T17:15:00+00:00,0.02,0.0,20.01,20.3,0.0
2026-08-12T17:30:00+00:00,0.01,0.33,19.24,19.15,0.0
2026-08-12T17:45:00+00:00,0.01,0.0,19.27,19.12,0.0
2026-08-12T18:00:00+00:00,0.01,0.76,20.08,19.81,0.0
2026-08-12T18:15:00+00:00,0.01,0.39,20.14,20.54,0.0
2026-08-12T18:30:00+00:00,2.79,2.83,20.36,19.31,0.0
2026-08-12T18:45:00+00:00,2.29,2.11,20.76,21.54,0.0
2026-08-12T19:00:00+00:00,1.87,1.76,19.68,20.14,0.0
2026-08-12T19:15:00+00:00,1.54,2.26,21.18,21.74,0.0
2026-08-12T19:30:00+00:00,1.26,1.88,21.68,21.04,0.0
2026-08-12T19:45:00+00:00,1.03,0.83,20.1,19.77,0.0
2026-08-12T20:00:00+00:00,0.85,0.11,19.59,19.77,0.0
2026-08-12T20:15:00+00:00,0.69,0.83,18.3,17.82,0.0
2026-08-12T20:30:00+00:00,0.57,0.44,19.48,18.17,0.0
2026-08-12T20:45:00+00:00,0.47,0.52,19.55,19.74,0.0
2026-08-12T21:00:00+00:00,0.38,0.32,19.67,19.26,0.0
2026-08-12T21:15:00+00:00,0.31,0.73,21.02,21.39,0.0
2026-08-12T21:30:00+00:00,0.26,0.23,18.91,18.33,0.0
2026-08-12T21:45:00+00:00,0.21,0.42,19.65,20.28,0.0
2026-08-12T22:00:00+00:00,0.17,0.0,18.61,19.37,0.0
2026-08-12T22:15:00+00:00,0.14,0.0,18.51,18.16,0.0
2026-08-12T22:30:00+00:00,0.12,0.48,17.25,17.51,0.0
2026-08-12T22:45:00+00:00,0.1,0.56,18.53,18.43,0.0
2026-08-12T23:00:00+00:00,0.08,0.0,17.11,17.21,0.0
2026-08-12T23:15:00+00:00,0.06,0.0,17.49,17.78,0.0
2026-08-12T23:30:00+00:00,0.05,0.07,16.59,16.43,0.0
2026-08-12T23:45:00+00:00,0.04,0.0,16.72,16.81,0.0
2026-08-13T00:00:00+00:00,0.04,0.26,16.13,16.22,0.0
2026-08-13T00:15:00+00:00,0.03,0.12,16.13,15.68,0.0
2026-08-13T00:30:00+00:00,0.02,0.0,15.83,16.35,0.0
2026-08-13T00:45:00+00:00,0.05,0.65,14.58,15.23,0.0
2026-08-13T01:00:00+00:00,0.04,0.86,14.01,13.93,0.0
2026-08-13T01:15:00+00:00,0.04,0.0,13.21,13.52,0.0
2026-08-13T01:30:00+00:00,0.03,0.4,14.11,15.0,0.0
2026-08-13T01:45:00+00:00,0.02,0.87,13.46,12.46,0.0
2026-08-13T02:00:00+00:00,0.02,0.0,12.49,12.94,0.0
2026-08-13T02:15:00+00:00,0.03,0.0,12.0,13.38,0.0
2026-08-13T02:30:00+00:00,0.02,0.01,12.85,12.67,0.0
2026-08-13T02:45:00+00:00,0.02,0.76,11.9,11.78,0.0
2026-08-13T03:00:00+00:00,0.02,0.0,12.42,11.64,0.0
2026-08-13T03:15:00+00:00,0.01,0.0,10.99,11.02,0.0
2026-08-13T03:30:00+00:00,0.01,0.0,10.91,10.2,0.0
2026-08-13T03:45:00+00:00,0.01,0.37,10.27,9.2,0.0
2026-08-13T04:00:00+00:00,0.01,0.49,9.29,8.46,0.0
2026-08-13T04:15:00+00:00,0.01,0.0,11.24,12.03,0.0
2026-08-13T04:30:00+00:00,0.0,0.0,10.45,10.73,0.0
2026-08-13T04:45:00+00:00,0.0,0.25,9.5,8.22,0.0
2026-08-13T05:00:00+00:00,0.0,0.59,8.8,7.94,0.0
2026-08-13T05:15:00+00:00,0.0,0.4,8.52,9.13,0.0
2026-08-13T05:30:00+00:00,0.0,0.3,9.2,8.17,0.0
2026-08-13T05:45:00+00:00,0.0,0.18,8.53,8.75,0.0
2026-08-13T06:00:00+00:00,0.0,0.0,9.54,8.66,0.0
2026-08-13T06:15:00+00:00,0.11,0.48,9.71,9.24,0.0
2026-08-13T06:30:00+00:00,0.09,0.57,7.75,7.9,0.0
2026-08-13T06:45:00+00:00,0.08,1.23,9.46,11.49,0.0
2026-08-13T07:00:00+00:00,0.06,0.0,7.96,7.48,0.0
2026-08-13T07:15:00+00:00,0.05,0.0,8.48,8.17,0.0
2026-08-13T07:30:00+00:00,0.04,0.0,8.51,8.04,0.0
2026-08-13T07:45:00+00:00,1.13,1.25,9.23,8.62,0.0
2026-08-13T08:00:00+00:00,0.93,0.62,8.91,8.28,0.0
2026-08-13T08:15:00+00:00,0.76,1.25,8.68,8.59,0.0
2026-08-13T08:30:00+00:00,0.62,0.54,9.6,9.88,0.0
2026-08-13T08:45:00+00:00,0.51,0.0,8.67,9.67,0.0
2026-08-13T09:00:00+00:00,0.42,0.0,8.32,7.05,0.0
2026-08-13T09:15:00+00:00,0.34,0.0,10.62,10.96,0.0
2026-08-13T09:30:00+00:00,0.28,0.04,11.06,10.56,0.0
2026-08-13T09:45:00+00:00,0.23,0.0,11.34,10.53,0.0
2026-08-13T10:00:00+00:00,0.19,0.0,10.21,10.33,0.0
2026-08-13T10:15:00+00:00,0.16,0.53,10.71,9.75,0.0
2026-08-13T10:30:00+00:00,0.13,0.82,11.02,11.93,0.0
2026-08-13T10:45:00+00:00,0.1,0.61,11.02,11.28,0.0
2026-08-13T11:00:00+00:00,0.09,0.1,11.34,12.13,0.0
2026-08-13T11:15:00+00:00,0.07,0.33,13.04,14.1,0.0
2026-08-13T11:30:00+00:00,0.97,0.88,12.83,12.92,0.0
2026-08-13T11:45:00+00:00,0.8,0.66,12.88,13.76,0.0
2026-08-13T12:00:00+00:00,0.65,0.0,12.73,11.84,0.0
2026-08-13T12:15:00+00:00,0.54,1.43,13.07,14.15,0.0
2026-08-13T12:30:00+00:00,0.44,0.66,13.37,14.29,0.0
2026-08-13T12:45:00+00:00,0.36,0.6,14.01,13.5,0.0
2026-08-13T13:00:00+00:00,0.3,0.41,13.62,12.88,0.0
2026-08-13T13:15:00+00:00,0.24,0.29,13.69,12.32,0.0
2026-08-13T13:30:00+00:00,0.2,0.62,16.86,16.83,0.0
2026-08-13T13:45:00+00:00,0.16,0.2,16.28,15.26,0.0
2026-08-13T14:00:00+00:00,0.13,0.51,16.27,15.44,0.0
2026-08-13T14:15:00+00:00,0.11,0.0,16.7,16.52,0.0
2026-08-13T14:30:00+00:00,0.5,0.56,16.03,14.11,0.0
2026-08-13T14:45:00+00:00,0.41,0.43,15.51,14.56,0.0
2026-08-13T15:00:00+00:00,0.34,0.0,17.39,16.37,0.0
2026-08-13T15:15:00+00:00,0.28,0.21,17.04,16.41,0.0
2026-08-13T15:30:00+00:00,0.23,0.0,17.67,18.1,0.0
2026-08-13T15:45:00+00:00,0.19,0.25,18.53,18.28,0.0
2026-08-13T16:00:00+00:00,0.15,0.19,18.66,18.61,0.0
2026-08-13T16:15:00+00:00,0.13,0.0,18.68,19.45,0.0
2026-08-13T16:30:00+00:00,0.1,0.49,19.7,20.77,0.0
2026-08-13T16:45:00+00:00,0.08,0.0,19.26,20.54,0.0
2026-08-13T17:00:00+00:00,0.07,0.15,20.25,19.59,0.0
2026-08-13T17:15:00+00:00,0.06,0.0,20.17,22.18,0.0
2026-08-13T17:30:00+00:00,0.05,0.0,19.66,20.18,0.0
2026-08-13T17:45:00+00:00,0.04,0.0,19.1,18.78,0.0
2026-08-13T18:00:00+00:00,0.03,0.0,19.99,19.76,0.0
2026-08-13T18:15:00+00:00,0.03,0.29,20.1,20.37,0.0
2026-08-13T18:30:00+00:00,0.02,0.09,19.04,18.29,0.0
2026-08-13T18:45:00+00:00,0.02,0.0,20.61,19.66,0.0
2026-08-13T19:00:00+00:00,0.79,0.74,21.02,22.9,0.0
2026-08-13T19:15:00+00:00,0.64,0.0,18.97,18.63,0.0
2026-08-13T19:30:00+00:00,0.53,0.79,20.83,20.8,0.0
2026-08-13T19:45:00+00:00,0.43,0.58,19.55,19.93,0.0
2026-08-13T20:00:00+00:00,0.9,1.38,20.43,20.21,0.0
2026-08-13T20:15:00+00:00,0.74,0.55,19.33,19.95,0.0
2026-08-13T20:30:00+00:00,0.6,0.0,18.67,18.74,0.0
2026-08-13T20:45:00+00:00,0.49,0.78,19.54,20.69,0.0
2026-08-13T21:00:00+00:00,0.41,0.53,20.86,20.74,0.0
2026-08-13T21:15:00+00:00,0.34,0.25,21.3,22.19,0.0
2026-08-13T21:30:00+00:00,0.28,0.67,18.84,17.48,0.0
2026-08-13T21:45:00+00:00,0.23,0.19,18.91,17.3,0.0
2026-08-13T22:00:00+00:00,0.19,0.37,19.06,18.21,0.0
2026-08-13T22:15:00+00:00,0.15,0.35,19.03,18.58,0.0
2026-08-13T22:30:00+00:00,0.12,0.0,17.67,16.87,0.0
2026-08-13T22:45:00+00:00,0.1,1.22,17.06,17.32,0.0
2026-08-13T23:00:00+00:00,0.08,0.0,18.34,19.17,0.0
2026-08-13T23:15:00+00:00,0.07,0.19,16.3,16.63,0.0
2026-08-13T23:30:00+00:00,0.06,0.46,17.64,15.8,0.0
2026-08-13T23:45:00+00:00,0.05,0.0,16.33,16.6,0.0
2026-08-14T00:00:00+00:00,0.04,0.0,15.92,15.76,0.0
2026-08-14T00:15:00+00:00,0.03,0.0,16.75,18.35,0.0
2026-08-14T00:30:00+00:00,0.03,0.26,13.92,13.85,0.0
2026-08-14T00:45:00+00:00,0.02,0.0,13.31,13.2,0.0
2026-08-14T01:00:00+00:00,0.02,0.0,13.96,12.81,0.0
2026-08-14T01:15:00+00:00,0.01,0.0,13.84,14.18,0.0
2026-08-14T01:30:00+00:00,0.49,1.44,13.68,14.22,0.0
2026-08-14T01:45:00+00:00,0.4,0.45,13.01,13.05,0.0
2026-08-14T02:00:00+00:00,0.33,0.05,13.04,13.58,0.0
2026-08-14T02:15:00+00:00,0.27,0.56,12.5,11.89,0.0
2026-08-14T02:30:00+00:00,0.22,0.23,12.18,12.8,0.0
2026-08-14T02:45:00+00:00,0.18,0.11,10.87,11.03,0.0
2026-08-14T03:00:00+00:00,0.15,0.15,12.04,10.83,0.0
2026-08-14T03:15:00+00:00,0.12,0.0,11.0,11.43,0.0
2026-08-14T03:30:00+00:00,0.91,0.52,10.93,9.26,0.0
2026-08-14T03:45:00+00:00,0.75,0.48,10.62,11.09,0.0
2026-08-14T04:00:00+00:00,0.61,1.12,10.92,11.68,0.0
2026-08-14T04:15:00+00:00,0.5,0.97,9.31,8.24,0.0
2026-08-14T04:30:00+00:00,0.41,0.75,10.32,9.51,0.0
2026-08-14T04:45:00+00:00,0.34,0.5,8.56,9.77,0.0
2026-08-14T05:00:00+00:00,0.28,0.0,8.94,9.01,0.0
2026-08-14T05:15:00+00:00,0.23,0.21,9.8,8.42,0.0
2026-08-14T05:30:00+00:00,0.19,0.0,8.78,9.09,0.0
2026-08-14T05:45:00+00:00,0.15,0.75,8.83,7.37,0.0
2026-08-14T06:00:00+00:00,0.13,0.0,10.01,9.24,0.0
2026-08-14T06:15:00+00:00,0.1,0.0,7.82,7.98,0.0
2026-08-14T06:30:00+00:00,0.08,0.0,8.93,10.19,0.0
2026-08-14T06:45:00+00:00,0.07,0.43,8.39,8.47,0.0
2026-08-14T07:00:00+00:00,0.06,0.7,8.0,8.83,0.0
2026-08-14T07:15:00+00:00,0.05,0.66,8.35,8.89,0.0
2026-08-14T07:30:00+00:00,0.04,0.0,8.58,8.32,0.0
2026-08-14T07:45:00+00:00,0.03,0.0,8.76,9.35,0.0
2026-08-14T08:00:00+00:00,0.03,0.28,9.74,10.07,0.0
2026-08-14T08:15:00+00:00,0.02,0.0,10.05,11.2,0.0
2026-08-14T08:30:00+00:00,0.02,0.02,8.4,8.32,0.0
2026-08-14T08:45:00+00:00,0.01,0.0,9.36,10.64,0.0
2026-08-14T09:00:00+00:00,0.01,0.83,8.7,8.6,0.0
2026-08-14T09:15:00+00:00,0.01,0.5,9.01,9.0,0.0
2026-08-14T09:30:00+00:00,0.01,0.13,9.42,10.14,0.0
2026-08-14T09:45:00+00:00,0.01,0.1,10.81,12.88,0.0
2026-08-14T10:00:00+00:00,0.01,0.0,10.05,10.67,0.0
2026-08-14T10:15:00+00:00,0.0,0.0,10.16,11.39,0.0
2026-08-14T10:30:00+00:00,0.0,0.25,12.05,12.78,0.0
2026-08-14T10:45:00+00:00,0.0,0.0,11.73,12.07,0.0
2026-08-14T11:00:00+00:00,0.0,0.0,10.48,11.75,0.0
2026-08-14T11:15:00+00:00,0.0,0.04,12.57,13.3,0.0
2026-08-14T11:30:00+00:00,2.69,2.96,12.19,11.1,0.0
2026-08-14T11:45:00+00:00,2.21,2.09,12.58,12.68,0.0
2026-08-14T12:00:00+00:00,1.81,1.69,12.56,11.88,0.0
2026-08-14T12:15:00+00:00,1.48,1.97,12.79,12.6,0.0
2026-08-14T12:30:00+00:00,1.22,1.37,13.83,14.58,0.0
2026-08-14T12:45:00+00:00,1.0,0.88,14.76,14.96,0.0
2026-08-14T13:00:00+00:00,0.82,0.52,15.22,15.26,0.0
2026-08-14T13:15:00+00:00,0.67,0.75,13.78,13.29,0.0
2026-08-14T13:30:00+00:00,0.55,1.6,14.39,14.56,0.0
2026-08-14T13:45:00+00:00,0.45,0.0,15.59,15.56,0.0
2026-08-14T14:00:00+00:00,0.66,0.63,16.15,17.28,0.0
2026-08-14T14:15:00+00:00,0.55,0.85,16.06,15.54,0.0
2026-08-14T14:30:00+00:00,0.45,0.58,18.09,17.3,0.0
2026-08-14T14:45:00+00:00,0.37,0.08,17.22,18.28,0.0
2026-08-14T15:00:00+00:00,0.3,0.75,18.41,19.25,0.0
2026-08-14T15:15:00+00:00,0.91,1.14,17.12,15.49,0.0
2026-08-14T15:30:00+00:00,0.74,0.0,17.71,18.68,0.0
2026-08-14T15:45:00+00:00,0.61,0.83,18.58,17.97,0.0
2026-08-14T16:00:00+00:00,0.5,0.0,19.28,19.71,0.0
2026-08-14T16:15:00+00:00,1.82,2.24,18.31,18.87,0.0
2026-08-14T16:30:00+00:00,1.49,1.18,19.88,19.78,0.0
2026-08-14T16:45:00+00:00,1.23,1.24,19.62,19.37,0.0
2026-08-14T17:00:00+00:00,1.01,0.93,18.42,18.06,0.0
2026-08-14T17:15:00+00:00,0.82,0.75,19.87,20.14,0.0
2026-08-14T17:30:00+00:00,0.68,0.43,19.16,18.88,0.0
2026-08-14T17:45:00+00:00,0.55,0.96,19.04,18.95,0.0
2026-08-14T18:00:00+00:00,0.45,0.77,20.09,19.51,0.0
2026-08-14T18:15:00+00:00,0.37,1.17,19.49,20.82,0.0
2026-08-14T18:30:00+00:00,0.31,0.0,19.17,19.9,0.0
2026-08-14T18:45:00+00:00,0.25,0.54,20.87,22.48,0.0
2026-08-14T19:00:00+00:00,1.23,1.4,21.04,20.62,0.0
2026-08-14T19:15:00+00:00,1.01,1.39,20.93,21.06,0.0
2026-08-14T19:30:00+00:00,0.82,0.96,22.32,20.57,0.0
2026-08-14T19:45:00+00:00,0.68,0.5,19.01,19.94,0.0
2026-08-14T20:00:00+00:00,2.71,2.99,20.21,21.05,0.0
2026-08-14T20:15:00+00:00,2.22,1.99,20.22,20.95,0.0
2026-08-14T20:30:00+00:00,1.82,1.4,19.51,20.77,0.0
2026-08-14T20:45:00+00:00,1.5,1.41,20.3,21.09,0.0
2026-08-14T21:00:00+00:00,1.23,0.9,19.69,19.9,0.0
2026-08-14T21:15:00+00:00,1.01,1.28,19.26,20.26,0.0
2026-08-14T21:30:00+00:00,0.82,1.04,18.22,16.47,0.0
2026-08-14T21:45:00+00:00,0.68,0.53,19.47,18.83,0.0
2026-08-14T22:00:00+00:00,0.55,0.24,17.84,18.08,0.0
2026-08-14T22:15:00+00:00,0.45,0.0,17.41,17.91,0.0
2026-08-14T22:30:00+00:00,0.37,0.0,17.74,17.2,0.0
2026-08-14T22:45:00+00:00,0.31,0.31,17.93,17.74,0.0
2026-08-14T23:00:00+00:00,0.25,0.42,17.3,17.89,0.0
2026-08-14T23:15:00+00:00,0.21,0.0,17.24,15.83,0.0
2026-08-14T23:30:00+00:00,0.17,0.85,17.16,16.45,0.0
2026-08-14T23:45:00+00:00,0.14,0.4,15.82,14.9,0.0
2026-08-15T00:00:00+00:00,0.11,0.61,15.9,16.33,0.0
2026-08-15T00:15:00+00:00,0.09,0.1,16.14,16.95,0.0
2026-08-15T00:30:00+00:00,0.08,0.21,15.74,15.92,0.0
2026-08-15T00:45:00+00:00,0.92,1.31,14.53,15.17,0.0
2026-08-15T01:00:00+00:00,1.16,0.83,14.13,13.86,0.0
2026-08-15T01:15:00+00:00,0.95,0.75,14.45,14.44,0.0
2026-08-15T01:30:00+00:00,0.78,0.57,14.22,14.47,0.0
2026-08-15T01:45:00+00:00,0.64,0.82,13.12,12.57,0.0
2026-08-15T02:00:00+00:00,0.53,0.44,12.83,13.17,0.0
2026-08-15T02:15:00+00:00,0.43,0.17,12.25,12.3,0.0
2026-08-15T02:30:00+00:00,0.45,0.48,12.94,14.2,0.0
2026-08-15T02:45:00+00:00,0.37,0.0,13.3,13.0,0.0
2026-08-15T03:00:00+00:00,0.3,0.0,12.42,13.87,0.0
2026-08-15T03:15:00+00:00,0.25,0.0,12.08,12.23,0.0
2026-08-15T03:30:00+00:00,0.2,0.47,11.19,10.54,0.0
2026-08-15T03:45:00+00:00,0.17,0.0,10.91,10.54,0.0
2026-08-15T04:00:00+00:00,0.14,0.84,9.68,10.68,0.0
2026-08-15T04:15:00+00:00,0.11,0.56,9.45,9.25,0.0
2026-08-15T04:30:00+00:00,0.09,0.28,9.22,10.34,0.0
2026-08-15T04:45:00+00:00,0.07,0.0,8.59,9.84,0.0
2026-08-15T05:00:00+00:00,0.06,0.0,9.97,9.71,0.0
2026-08-15T05:15:00+00:00,0.05,0.0,10.31,10.08,0.0
2026-08-15T05:30:00+00:00,0.15,0.59,8.98,8.06,0.0
2026-08-15T05:45:00+00:00,0.12,0.0,9.01,9.1,0.0
2026-08-15T06:00:00+00:00,0.1,0.72,7.64,6.65,0.0
2026-08-15T06:15:00+00:00,0.08,0.28,8.05,8.97,0.0
2026-08-15T06:30:00+00:00,0.07,0.11,8.53,7.6,0.0
2026-08-15T06:45:00+00:00,0.05,0.19,10.08,11.26,0.0
2026-08-15T07:00:00+00:00,0.04,0.13,9.83,11.61,0.0
2026-08-15T07:15:00+00:00,0.04,0.0,8.26,7.73,0.0
2026-08-15T07:30:00+00:00,0.03,0.37,9.87,9.59,0.0
2026-08-15T07:45:00+00:00,0.02,0.0,8.27,8.15,0.0
2026-08-15T08:00:00+00:00,0.02,0.28,8.73,9.33,0.0
2026-08-15T08:15:00+00:00,0.02,0.88,8.62,10.23,0.0
2026-08-15T08:30:00+00:00,0.01,0.18,8.62,8.66,0.0
2026-08-15T08:45:00+00:00,0.01,0.5,9.8,9.41,0.0
2026-08-15T09:00:00+00:00,0.01,0.0,8.22,7.94,0.0
2026-08-15T09:15:00+00:00,0.01,0.22,8.6,8.33,0.0
2026-08-15T09:30:00+00:00,0.01,0.27,8.82,8.75,0.0
2026-08-15T09:45:00+00:00,0.01,0.82,10.56,10.78,0.0
2026-08-15T10:00:00+00:00,0.29,0.84,9.99,9.13,0.0
2026-08-15T10:15:00+00:00,0.24,0.68,10.3,9.63,0.0
2026-08-15T10:30:00+00:00,0.2,0.73,10.06,8.94,0.0
2026-08-15T10:45:00+00:00,0.16,0.76,10.69,10.34,0.0
2026-08-15T11:00:00+00:00,0.13,0.17,11.46,12.94,0.0
2026-08-15T11:15:00+00:00,0.11,0.21,12.97,12.44,0.0
2026-08-15T11:30:00+00:00,1.2,0.54,12.07,11.98,0.0
2026-08-15T11:45:00+00:00,0.99,0.94,12.75,12.73,0.0
2026-08-15T12:00:00+00:00,0.81,0.51,13.21,14.3,0.0
2026-08-15T12:15:00+00:00,0.66,1.95,13.8,14.94,0.0
2026-08-15T12:30:00+00:00,0.54,1.26,13.77,13.31,0.0
2026-08-15T12:45:00+00:00,0.45,0.57,13.57,13.76,0.0
2026-08-15T13:00:00+00:00,0.37,0.66,13.12,12.97,0.0
2026-08-15T13:15:00+00:00,0.3,0.36,15.03,15.47,0.0
2026-08-15T13:30:00+00:00,0.39,0.23,14.71,14.18,0.0
2026-08-15T13:45:00+00:00,0.32,0.0,15.04,14.11,0.0
2026-08-15T14:00:00+00:00,0.27,0.33,15.92,14.73,0.0
2026-08-15T14:15:00+00:00,0.22,0.36,16.4,17.14,0.0
2026-08-15T14:30:00+00:00,0.18,0.0,16.85,17.19,0.0
2026-08-15T14:45:00+00:00,0.15,0.41,16.83,15.83,0.0
2026-08-15T15:00:00+00:00,0.12,0.02,18.18,17.86,0.0
2026-08-15T15:15:00+00:00,0.1,0.19,16.93,16.04,0.0
2026-08-15T15:30:00+00:00,0.08,0.0,17.02,16.17,0.0
2026-08-15T15:45:00+00:00,0.07,0.03,18.96,18.9,0.0
2026-08-15T16:00:00+00:00,0.05,0.0,18.88,18.79,0.0
2026-08-15T16:15:00+00:00,0.04,0.0,17.69,16.83,0.0
2026-08-15T16:30:00+00:00,0.04,0.0,18.8,18.49,0.0
2026-08-15T16:45:00+00:00,0.03,0.78,19.1,18.14,0.0
2026-08-15T17:00:00+00:00,0.02,0.0,18.6,17.88,0.0
2026-08-15T17:15:00+00:00,0.02,0.14,19.75,19.18,0.0
2026-08-15T17:30:00+00:00,0.02,0.0,18.97,18.28,0.0
2026-08-15T17:45:00+00:00,0.01,0.44,19.47,21.21,0.0
2026-08-15T18:00:00+00:00,0.01,0.01,20.97,20.77,0.0
2026-08-15T18:15:00+00:00,0.01,0.0,20.88,20.25,0.0
2026-08-15T18:30:00+00:00,0.01,0.52,21.34,20.94,0.0
2026-08-15T18:45:00+00:00,0.01,0.12,20.79,20.58,0.0
2026-08-15T19:00:00+00:00,0.01,0.0,21.45,22.31,0.0
2026-08-15T19:15:00+00:00,0.0,0.26,20.23,20.74,0.0
2026-08-15T19:30:00+00:00,0.0,0.15,20.95,19.14,0.0
2026-08-15T19:45:00+00:00,0.0,0.15,20.45,20.91,0.0
2026-08-15T20:00:00+00:00,0.0,0.0,21.66,22.02,0.0
2026-08-15T20:15:00+00:00,0.0,0.12,20.44,20.25,0.0
2026-08-15T20:30:00+00:00,0.0,0.0,19.11,20.65,0.0
2026-08-15T20:45:00+00:00,0.0,0.46,21.09,20.11,0.0
2026-08-15T21:00:00+00:00,0.0,0.26,20.29,19.63,0.0
2026-08-15T21:15:00+00:00,0.0,0.2,19.91,19.87,0.0
2026-08-15T21:30:00+00:00,0.0,0.0,19.08,19.19,0.0
2026-08-15T21:45:00+00:00,0.0,0.0,17.98,16.66,0.0
2026-08-15T22:00:00+00:00,0.0,0.3,18.67,18.22,0.0
2026-08-15T22:15:00+00:00,0.0,0.46,17.0,16.91,0.0
2026-08-15T22:30:00+00:00,0.0,0.0,18.76,18.98,0.0
2026-08-15T22:45:00+00:00,0.0,0.0,17.08,16.99,0.0
2026-08-15T23:00:00+00:00,0.0,0.68,16.21,16.48,0.0
2026-08-15T23:15:00+00:00,0.0,0.0,15.86,14.76,0.0
2026-08-15T23:30:00+00:00,0.66,0.33,16.92,18.64,0.0
2026-08-15T23:45:00+00:00,0.54,0.4,15.77,16.78,0.0
2026-08-16T00:00:00+00:00,0.44,0.09,15.52,14.28,0.0
2026-08-16T00:15:00+00:00,0.36,0.68,14.94,13.99,0.0
2026-08-16T00:30:00+00:00,0.3,0.04,14.5,14.1,0.0
2026-08-16T00:45:00+00:00,0.24,0.74,14.26,14.27,0.0
2026-08-16T01:00:00+00:00,0.2,0.02,13.82,14.46,0.0
2026-08-16T01:15:00+00:00,0.16,0.16,14.69,15.24,0.0
2026-08-16T01:30:00+00:00,1.08,1.44,13.98,14.05,0.0
2026-08-16T01:45:00+00:00,0.89,1.41,13.53,13.47,0.0
2026-08-16T02:00:00+00:00,0.73,0.61,13.2,13.77,0.0
2026-08-16T02:15:00+00:00,0.6,1.04,13.21,12.46,0.0
2026-08-16T02:30:00+00:00,0.49,0.09,11.91,12.42,0.0
2026-08-16T02:45:00+00:00,0.4,0.31,12.57,12.96,0.0
2026-08-16T03:00:00+00:00,0.33,0.0,11.09,11.07,0.0
2026-08-16T03:15:00+00:00,0.27,0.0,10.89,11.8,0.0
2026-08-16T03:30:00+00:00,0.22,0.0,10.46,11.37,0.0
2026-08-16T03:45:00+00:00,0.18,0.0,10.31,9.35,0.0
2026-08-16T04:00:00+00:00,0.15,0.64,10.49,10.84,0.0
2026-08-16T04:15:00+00:00,0.12,0.34,9.92,9.56,0.0
2026-08-16T04:30:00+00:00,1.48,1.22,10.5,10.52,0.0
2026-08-16T04:45:00+00:00,1.21,0.81,10.52,9.62,0.0
2026-08-16T05:00:00+00:00,2.31,2.43,9.91,10.33,0.0
2026-08-16T05:15:00+00:00,1.89,1.79,9.49,9.18,0.0
2026-08-16T05:30:00+00:00,2.72,2.69,9.76,9.95,0.0
2026-08-16T05:45:00+00:00,2.23,2.17,9.23,10.53,0.0
2026-08-16T06:00:00+00:00,1.83,1.68,9.61,8.36,0.0
2026-08-16T06:15:00+00:00,1.5,1.18,9.63,9.32,0.0
2026-08-16T06:30:00+00:00,1.23,1.63,7.55,6.92,0.0
2026-08-16T06:45:00+00:00,1.01,0.2,8.39,8.37,0.0
2026-08-16T07:00:00+00:00,0.83,0.54,7.66,7.77,0.0
2026-08-16T07:15:00+00:00,0.68,1.5,7.5,8.29,0.0
2026-08-16T07:30:00+00:00,0.56,0.67,8.63,7.29,0.0
2026-08-16T07:45:00+00:00,0.46,0.43,9.58,8.9,0.0
2026-08-16T08:00:00+00:00,0.37,0.54,9.47,10.19,0.0
2026-08-16T08:15:00+00:00,0.31,0.43,8.3,8.59,0.0
2026-08-16T08:30:00+00:00,0.25,0.0,9.46,8.22,0.0
2026-08-16T08:45:00+00:00,0.21,0.31,9.24,7.48,0.0
2026-08-16T09:00:00+00:00,0.17,0.64,9.46,8.73,0.0
2026-08-16T09:15:00+00:00,0.14,1.01,9.85,10.34,0.0
2026-08-16T09:30:00+00:00,0.11,0.34,9.59,9.1,0.0
2026-08-16T09:45:00+00:00,0.09,0.3,10.81,11.25,0.0
2026-08-16T10:00:00+00:00,0.08,0.0,10.47,9.99,0.0
2026-08-16T10:15:00+00:00,0.06,0.0,8.65,10.07,0.0
2026-08-16T10:30:00+00:00,0.05,0.13,11.33,11.12,0.0
2026-08-16T10:45:00+00:00,0.04,0.18,11.38,11.03,0.0
2026-08-16T11:00:00+00:00,0.03,0.0,11.97,11.15,0.0
2026-08-16T11:15:00+00:00,0.03,0.0,11.09,12.35,0.0
2026-08-16T11:30:00+00:00,0.22,1.01,12.02,11.49,0.0
2026-08-16T11:45:00+00:00,0.18,0.0,11.66,11.28,0.0
2026-08-16T12:00:00+00:00,0.58,1.1,13.0,13.1,0.0
2026-08-16T12:15:00+00:00,0.48,0.38,13.11,13.92,0.0
2026-08-16T12:30:00+00:00,0.39,0.75,14.54,15.0,0.0
2026-08-16T12:45:00+00:00,0.32,0.95,14.69,14.94,0.0
2026-08-16T13:00:00+00:00,0.26,0.29,14.1,14.23,0.0
2026-08-16T13:15:00+00:00,0.22,0.72,15.13,15.19,0.0
2026-08-16T13:30:00+00:00,0.18,0.53,14.83,14.58,0.0
2026-08-16T13:45:00+00:00,0.15,0.42,15.53,15.61,0.0
2026-08-16T14:00:00+00:00,0.12,0.31,16.7,18.47,0.0
2026-08-16T14:15:00+00:00,0.1,0.0,16.84,17.12,0.0
2026-08-16T14:30:00+00:00,0.33,0.07,17.19,17.85,0.0
2026-08-16T14:45:00+00:00,0.27,0.15,17.23,18.1,0.0
2026-08-16T15:00:00+00:00,0.22,0.79,17.39,16.84,0.0
2026-08-16T15:15:00+00:00,0.18,0.0,16.96,16.7,0.0
2026-08-16T15:30:00+00:00,0.15,0.08,17.67,17.7,0.0
2026-08-16T15:45:00+00:00,0.12,0.0,18.16,18.16,0.0
2026-08-16T16:00:00+00:00,0.1,0.0,18.39,18.39,0.0
2026-08-16T16:15:00+00:00,0.08,0.33,18.6,19.31,0.0
2026-08-16T16:30:00+00:00,0.07,0.53,18.37,19.3,0.0
2026-08-16T16:45:00+00:00,0.06,0.73,19.49,19.96,0.0
2026-08-16T17:00:00+00:00,0.37,0.0,18.99,18.57,0.0
2026-08-16T17:15:00+00:00,0.3,0.43,19.7,19.12,0.0
2026-08-16T17:30:00+00:00,0.25,0.92,19.62,19.44,0.0
2026-08-16T17:45:00+00:00,0.2,0.38,19.72,17.95,0.0
2026-08-16T18:00:00+00:00,0.17,0.06,20.75,19.89,0.0
2026-08-16T18:15:00+00:00,0.14,0.29,20.35,19.72,0.0
2026-08-16T18:30:00+00:00,0.11,0.24,19.61,20.64,0.0
2026-08-16T18:45:00+00:00,0.09,0.0,20.8,19.4,0.0
2026-08-16T19:00:00+00:00,0.42,0.97,20.69,21.74,0.0
2026-08-16T19:15:00+00:00,0.35,0.05,20.0,20.62,0.0
2026-08-16T19:30:00+00:00,0.28,0.0,19.83,19.72,0.0
2026-08-16T19:45:00+00:00,0.23,0.48,18.4,19.41,0.0
2026-08-16T20:00:00+00:00,0.19,0.45,20.01,19.02,0.0
2026-08-16T20:15:00+00:00,0.16,0.68,22.18,23.06,0.0
2026-08-16T20:30:00+00:00,0.13,0.0,19.68,18.64,0.0
2026-08-16T20:45:00+00:00,0.11,0.14,20.04,19.16,0.0
2026-08-16T21:00:00+00:00,0.09,0.0,20.02,20.0,0.0
2026-08-16T21:15:00+00:00,0.27,0.05,19.7,19.74,0.0
2026-08-16T21:30:00+00:00,0.22,0.08,19.54,18.19,0.0
2026-08-16T21:45:00+00:00,0.18,0.31,18.89,18.73,0.0
2026-08-16T22:00:00+00:00,0.15,0.37,18.27,18.08,0.0
2026-08-16T22:15:00+00:00,0.12,0.0,18.49,18.99,0.0
2026-08-16T22:30:00+00:00,0.1,0.39,20.29,20.17,0.0
2026-08-16T22:45:00+00:00,0.08,0.0,17.95,17.82,0.0
2026-08-16T23:00:00+00:00,0.07,0.06,17.85,19.39,0.0
2026-08-16T23:15:00+00:00,0.06,0.29,17.62,18.82,0.0
2026-08-16T23:30:00+00:00,3.3,3.38,16.04,16.3,0.0
2026-08-16T23:45:00+00:00,2.71,3.06,16.98,16.57,0.0
2026-08-17T00:00:00+00:00,2.22,2.71,16.44,16.18,0.0
2026-08-17T00:15:00+00:00,1.82,1.56,17.33,17.02,0.0
2026-08-17T00:30:00+00:00,1.49,1.9,15.73,15.44,0.0
2026-08-17T00:45:00+00:00,1.23,0.42,15.04,13.85,0.0
2026-08-17T01:00:00+00:00,1.0,0.84,15.38,14.32,0.0
2026-08-17T01:15:00+00:00,0.82,0.0,14.38,13.99,0.0
2026-08-17T01:30:00+00:00,0.68,0.93,13.04,12.59,0.0
2026-08-17T01:45:00+00:00,0.55,1.0,12.33,12.52,0.0
2026-08-17T02:00:00+00:00,0.45,0.14,11.98,12.48,0.0
2026-08-17T02:15:00+00:00,0.37,0.22,12.79,11.71,0.0
2026-08-17T02:30:00+00:00,0.31,0.0,12.56,14.11,0.0
2026-08-17T02:45:00+00:00,0.25,0.41,13.43,13.11,0.0
2026-08-17T03:00:00+00:00,0.21,0.03,10.81,10.36,0.0
2026-08-17T03:15:00+00:00,0.17,0.67,10.72,10.73,0.0
2026-08-17T03:30:00+00:00,0.14,0.14,11.13,10.28,0.0
2026-08-17T03:45:00+00:00,0.11,0.3,10.45,10.59,0.0
2026-08-17T04:00:00+00:00,0.09,0.0,10.14,10.85,0.0
2026-08-17T04:15:00+00:00,0.08,0.38,10.48,9.93,0.0
2026-08-17T04:30:00+00:00,0.06,0.0,9.21,10.25,0.0
2026-08-17T04:45:00+00:00,0.05,1.25,9.32,10.08,0.0
2026-08-17T05:00:00+00:00,0.04,0.61,9.2,9.02,0.0
2026-08-17T05:15:00+00:00,0.03,0.22,8.4,8.21,0.0
2026-08-17T05:30:00+00:00,0.03,0.0,10.95,10.58,0.0
2026-08-17T05:45:00+00:00,0.02,0.0,10.18,10.45,0.0
2026-08-17T06:00:00+00:00,0.02,0.0,7.83,8.53,0.0
2026-08-17T06:15:00+00:00,0.02,0.0,8.89,7.58,0.0
2026-08-17T06:30:00+00:00,0.01,0.07,9.47,10.5,0.0
2026-08-17T06:45:00+00:00,0.01,0.07,8.6,9.23,0.0
2026-08-17T07:00:00+00:00,0.01,0.0,8.74,9.43,0.0
2026-08-17T07:15:00+00:00,0.01,0.0,8.85,9.45,0.0
2026-08-17T07:30:00+00:00,0.01,0.0,7.88,8.03,0.0
2026-08-17T07:45:00+00:00,0.0,0.11,9.98,10.11,0.0
2026-08-17T08:00:00+00:00,0.0,0.13,9.38,9.07,0.0
2026-08-17T08:15:00+00:00,0.0,0.15,8.92,8.76,0.0
2026-08-17T08:30:00+00:00,0.0,0.23,9.2,8.53,0.0
2026-08-17T08:45:00+00:00,0.0,0.0,10.12,11.11,0.0
2026-08-17T09:00:00+00:00,0.0,0.12,9.23,8.29,0.0
2026-08-17T09:15:00+00:00,0.0,0.0,8.72,8.71,0.0
2026-08-17T09:30:00+00:00,0.0,0.0,10.75,11.82,0.0
2026-08-17T09:45:00+00:00,0.1,0.66,9.82,9.11,0.0
2026-08-17T10:00:00+00:00,0.08,0.0,10.13,10.17,0.0
2026-08-17T10:15:00+00:00,0.07,0.0,9.04,8.88,0.0
2026-08-17T10:30:00+00:00,0.06,0.45,10.05,9.84,0.0
2026-08-17T10:45:00+00:00,0.05,0.0,12.36,10.73,0.0
2026-08-17T11:00:00+00:00,1.26,0.92,12.1,12.17,0.0
2026-08-17T11:15:00+00:00,1.04,1.63,12.77,12.1,0.0
2026-08-17T11:30:00+00:00,0.85,0.0,11.48,10.89,0.0
2026-08-17T11:45:00+00:00,0.7,1.16,12.67,11.79,0.0
2026-08-17T12:00:00+00:00,0.57,0.72,13.34,13.65,0.0
2026-08-17T12:15:00+00:00,0.47,1.18,13.65,14.05,0.0
2026-08-17T12:30:00+00:00,0.38,0.0,12.75,11.94,0.0
2026-08-17T12:45:00+00:00,0.31,0.72,13.97,14.01,0.0
2026-08-17T13:00:00+00:00,0.26,0.06,14.06,14.61,0.0
2026-08-17T13:15:00+00:00,0.21,0.23,14.37,14.04,0.0
2026-08-17T13:30:00+00:00,0.17,0.32,15.47,15.32,0.0
2026-08-17T13:45:00+00:00,0.14,0.0,15.17,14.44,0.0
2026-08-17T14:00:00+00:00,0.12,0.0,16.85,17.18,0.0
2026-08-17T14:15:00+00:00,0.1,0.06,16.93,17.67,0.0
2026-08-17T14:30:00+00:00,0.08,0.0,16.87,17.6,0.0
2026-08-17T14:45:00+00:00,0.06,0.0,17.31,16.02,0.0
2026-08-17T15:00:00+00:00,0.05,0.03,17.51,17.27,0.0
2026-08-17T15:15:00+00:00,0.04,0.0,18.25,18.69,0.0
2026-08-17T15:30:00+00:00,0.04,0.43,19.17,18.87,0.0
2026-08-17T15:45:00+00:00,0.03,0.51,18.35,19.55,0.0
2026-08-17T16:00:00+00:00,0.02,0.3,19.93,19.08,0.0
2026-08-17T16:15:00+00:00,0.02,0.43,19.78,19.27,0.0
2026-08-17T16:30:00+00:00,0.02,0.0,19.99,21.52,0.0
2026-08-17T16:45:00+00:00,0.31,0.0,19.75,19.89,0.0
2026-08-17T17:00:00+00:00,0.25,0.66,18.88,19.16,0.0
2026-08-17T17:15:00+00:00,0.21,0.5,19.22,18.22,0.0
2026-08-17T17:30:00+00:00,0.17,0.49,18.61,17.76,0.0
2026-08-17T17:45:00+00:00,0.14,0.0,19.9,20.67,0.0
2026-08-17T18:00:00+00:00,3.54,3.51,19.9,21.32,0.0
2026-08-17T18:15:00+00:00,2.9,3.1,19.99,20.39,0.0
2026-08-17T18:30:00+00:00,2.38,2.84,21.58,21.29,0.0
2026-08-17T18:45:00+00:00,1.95,2.09,20.12,18.8,0.0
2026-08-17T19:00:00+00:00,1.6,0.86,18.95,18.4,0.0
2026-08-17T19:15:00+00:00,1.31,1.68,19.59,18.76,0.0
2026-08-17T19:30:00+00:00,1.08,1.4,21.04,19.54,0.0
2026-08-17T19:45:00+00:00,0.88,0.09,20.36,19.88,0.0
2026-08-17T20:00:00+00:00,0.72,0.61,20.27,20.17,0.0
2026-08-17T20:15:00+00:00,0.59,1.24,20.24,21.37,0.0
2026-08-17T20:30:00+00:00,0.49,0.93,20.17,20.58,0.0
2026-08-17T20:45:00+00:00,0.4,0.69,19.97,19.0,0.0
2026-08-17T21:00:00+00:00,0.33,0.3,19.65,21.43,0.0
2026-08-17T21:15:00+00:00,0.27,0.0,18.33,18.45,0.0
2026-08-17T21:30:00+00:00,0.22,0.0,19.36,19.53,0.0
2026-08-17T21:45:00+00:00,0.18,0.57,19.51,19.34,0.0
2026-08-17T22:00:00+00:00,0.15,0.8,18.65,19.29,0.0
2026-08-17T22:15:00+00:00,0.12,0.08,17.41,17.28,0.0
2026-08-17T22:30:00+00:00,0.1,0.26,16.47,17.35,0.0
2026-08-17T22:45:00+00:00,0.08,0.0,19.28,19.42,0.0
2026-08-17T23:00:00+00:00,0.07,0.0,17.39,16.93,0.0
2026-08-17T23:15:00+00:00,0.05,0.09,18.45,19.06,0.0
2026-08-17T23:30:00+00:00,0.04,0.06,16.62,17.33,0.0
2026-08-17T23:45:00+00:00,0.04,0.16,17.79,18.02,0.0
2026-08-18T00:00:00+00:00,0.03,0.0,16.8,17.73,0.0
2026-08-18T00:15:00+00:00,0.02,0.0,15.85,16.48,0.0
2026-08-18T00:30:00+00:00,0.02,0.0,14.63,15.07,0.0
2026-08-18T00:45:00+00:00,0.02,0.34,14.83,15.62,0.0
2026-08-18T01:00:00+00:00,0.01,1.29,15.65,15.73,0.0
2026-08-18T01:15:00+00:00,0.01,0.0,13.13,12.89,0.0
2026-08-18T01:30:00+00:00,0.01,0.0,14.73,14.04,0.0
2026-08-18T01:45:00+00:00,0.01,0.03,12.67,11.55,0.0
2026-08-18T02:00:00+00:00,0.01,0.0,13.06,13.06,0.0
2026-08-18T02:15:00+00:00,0.01,0.18,12.49,11.99,0.0
2026-08-18T02:30:00+00:00,0.03,0.0,12.35,12.19,0.0
2026-08-18T02:45:00+00:00,0.02,0.0,11.06,11.79,0.0
2026-08-18T03:00:00+00:00,4.38,3.91,11.73,11.7,0.0
2026-08-18T03:15:00+00:00,3.59,2.51,10.36,9.79,0.0
2026-08-18T03:30:00+00:00,2.95,3.1,11.4,11.3,0.0
2026-08-18T03:45:00+00:00,2.41,2.03,11.03,11.35,0.0
2026-08-18T04:00:00+00:00,1.98,2.16,11.1,12.21,0.0
2026-08-18T04:15:00+00:00,1.62,1.54,9.52,10.22,0.0
2026-08-18T04:30:00+00:00,1.33,1.87,9.87,11.04,0.0
2026-08-18T04:45:00+00:00,1.09,0.72,8.99,9.82,0.0
2026-08-18T05:00:00+00:00,0.9,1.06,9.27,9.82,0.0
2026-08-18T05:15:00+00:00,0.73,0.68,8.92,10.03,0.0
2026-08-18T05:30:00+00:00,0.6,1.41,9.65,10.74,0.0
2026-08-18T05:45:00+00:00,0.49,0.81,8.43,10.34,0.0
2026-08-18T06:00:00+00:00,0.4,0.3,8.05,7.25,0.0
2026-08-18T06:15:00+00:00,0.33,0.0,9.2,9.79,0.0
2026-08-18T06:30:00+00:00,0.27,0.0,8.34,7.8,0.0
2026-08-18T06:45:00+00:00,0.22,0.0,7.95,8.32,0.0
2026-08-18T07:00:00+00:00,0.18,0.28,8.45,7.57,0.0
2026-08-18T07:15:00+00:00,0.15,0.4,7.09,6.68,0.0
2026-08-18T07:30:00+00:00,0.25,0.24,8.75,9.98,0.0
2026-08-18T07:45:00+00:00,0.2,0.0,8.27,9.26,0.0
2026-08-18T08:00:00+00:00,0.46,0.1,9.6,9.01,0.0
2026-08-18T08:15:00+00:00,0.37,1.05,8.34,9.17,0.0
2026-08-18T08:30:00+00:00,0.31,0.0,9.51,9.21,0.0
2026-08-18T08:45:00+00:00,0.25,0.13,9.73,10.17,0.0
2026-08-18T09:00:00+00:00,0.21,0.0,9.82,10.21,0.0
2026-08-18T09:15:00+00:00,0.17,0.0,10.31,10.22,0.0
2026-08-18T09:30:00+00:00,0.14,0.0,10.76,11.43,0.0
2026-08-18T09:45:00+00:00,0.11,0.0,9.55,8.09,0.0
2026-08-18T10:00:00+00:00,0.09,0.0,10.65,11.79,0.0
2026-08-18T10:15:00+00:00,0.08,0.46,10.82,11.54,0.0
2026-08-18T10:30:00+00:00,0.06,0.0,12.12,12.86,0.0
2026-08-18T10:45:00+00:00,0.05,0.13,12.11,12.75,0.0
2026-08-18T11:00:00+00:00,0.04,0.13,11.4,11.11,0.0
2026-08-18T11:15:00+00:00,0.03,0.43,12.27,12.42,0.0
2026-08-18T11:30:00+00:00,0.03,0.03,12.77,12.28,0.0
2026-08-18T11:45:00+00:00,0.02,0.05,12.92,12.17,0.0
2026-08-18T12:00:00+00:00,0.02,0.0,12.93,13.93,0.0
2026-08-18T12:15:00+00:00,0.02,0.17,13.92,14.4,0.0
2026-08-18T12:30:00+00:00,0.01,0.0,12.99,13.09,0.0
2026-08-18T12:45:00+00:00,0.01,0.19,13.58,13.74,0.0
2026-08-18T13:00:00+00:00,0.01,0.0,14.62,13.45,0.0
2026-08-18T13:15:00+00:00,0.01,0.0,14.67,14.62,0.0
2026-08-18T13:30:00+00:00,0.01,1.0,15.11,15.51,0.0
2026-08-18T13:45:00+00:00,0.0,0.67,16.25,16.29,0.0
2026-08-18T14:00:00+00:00,0.0,0.0,15.54,13.81,0.0
2026-08-18T14:15:00+00:00,0.0,0.0,15.23,14.82,0.0
2026-08-18T14:30:00+00:00,0.0,0.27,16.99,18.38,0.0
2026-08-18T14:45:00+00:00,0.0,0.0,16.6,16.01,0.0
2026-08-18T15:00:00+00:00,0.0,0.1,18.22,18.1,0.0
2026-08-18T15:15:00+00:00,0.0,0.0,16.93,17.34,0.0
2026-08-18T15:30:00+00:00,0.0,0.0,18.14,19.27,0.0
2026-08-18T15:45:00+00:00,0.0,0.0,18.64,17.1,0.0
2026-08-18T16:00:00+00:00,0.0,0.42,19.6,18.47,0.001
2026-08-18T16:15:00+00:00,0.0,0.0,18.53,18.26,0.001
2026-08-18T16:30:00+00:00,0.0,0.26,19.83,19.73,0.001
2026-08-18T16:45:00+00:00,0.0,0.0,20.55,20.62,0.002
2026-08-18T17:00:00+00:00,0.0,0.23,19.68,18.85,0.003
2026-08-18T17:15:00+00:00,0.0,0.0,19.36,17.88,0.004
2026-08-18T17:30:00+00:00,0.0,0.0,19.88,18.95,0.006
2026-08-18T17:45:00+00:00,0.0,0.74,20.0,19.77,0.008
2026-08-18T18:00:00+00:00,0.0,0.0,19.66,20.63,0.011
2026-08-18T18:15:00+00:00,0.0,0.0,20.72,19.91,0.015
2026-08-18T18:30:00+00:00,0.0,0.01,21.47,22.14,0.021
2026-08-18T18:45:00+00:00,0.0,0.0,20.15,20.5,0.029
2026-08-18T19:00:00+00:00,0.0,0.0,21.12,21.99,0.038
2026-08-18T19:15:00+00:00,0.0,0.0,19.87,20.35,0.05
2026-08-18T19:30:00+00:00,0.0,0.72,19.77,20.67,0.066
2026-08-18T19:45:00+00:00,0.0,0.0,20.39,20.37,0.085
2026-08-18T20:00:00+00:00,0.0,0.0,20.68,22.99,0.108
2026-08-18T20:15:00+00:00,0.0,0.27,20.31,19.79,0.135
2026-08-18T20:30:00+00:00,0.0,0.86,19.54,18.27,0.168
2026-08-18T20:45:00+00:00,0.0,0.0,18.22,17.34,0.206
2026-08-18T21:00:00+00:00,0.0,0.83,18.77,18.5,0.249
2026-08-18T21:15:00+00:00,0.0,0.0,19.24,19.3,0.298
2026-08-18T21:30:00+00:00,0.0,0.0,18.37,19.44,0.352
2026-08-18T21:45:00+00:00,0.0,0.0,19.92,20.25,0.411
2026-08-18T22:00:00+00:00,0.0,0.0,18.99,19.38,0.474
2026-08-18T22:15:00+00:00,0.0,0.29,17.89,18.65,0.539
2026-08-18T22:30:00+00:00,0.0,0.35,17.49,17.31,0.607
2026-08-18T22:45:00+00:00,0.0,0.4,17.46,17.54,0.674
2026-08-18T23:00:00+00:00,0.0,0.0,17.6,16.62,0.739
2026-08-18T23:15:00+00:00,0.0,0.21,18.07,17.36,0.801
2026-08-18T23:30:00+00:00,0.0,0.0,16.51,17.26,0.857
2026-08-18T23:45:00+00:00,0.0,0.41,15.85,15.78,0.906
2026-08-19T00:00:00+00:00,0.0,0.01,18.1,19.07,0.946
2026-08-19T00:15:00+00:00,0.0,0.0,15.46,15.36,0.976
2026-08-19T00:30:00+00:00,0.0,0.0,15.82,16.9,0.994
2026-08-19T00:45:00+00:00,0.0,0.35,14.65,14.39,1.0
2026-08-19T01:00:00+00:00,0.0,0.02,14.2,14.65,0.994
2026-08-19T01:15:00+00:00,0.0,0.0,15.09,15.02,0.976
2026-08-19T01:30:00+00:00,0.0,0.0,13.52,13.02,0.946
2026-08-19T01:45:00+00:00,0.0,0.51,12.85,14.07,0.906
2026-08-19T02:00:00+00:00,0.0,0.0,11.17,10.71,0.857
2026-08-19T02:15:00+00:00,0.0,0.92,13.52,15.01,0.801
2026-08-19T02:30:00+00:00,0.0,0.0,13.49,13.84,0.739
2026-08-19T02:45:00+00:00,0.19,0.9,11.03,11.47,0.674
2026-08-19T03:00:00+00:00,0.15,0.0,11.92,11.79,0.607
2026-08-19T03:15:00+00:00,0.13,0.51,11.72,11.91,0.539
2026-08-19T03:30:00+00:00,0.1,0.0,10.13,9.41,0.474
2026-08-19T03:45:00+00:00,0.08,0.95,11.41,11.63,0.411
2026-08-19T04:00:00+00:00,0.07,0.0,9.71,8.83,0.352
2026-08-19T04:15:00+00:00,0.06,0.58,10.03,9.62,0.298
2026-08-19T04:30:00+00:00,0.05,0.0,10.14,10.3,0.249
2026-08-19T04:45:00+00:00,0.04,0.12,9.24,8.48,0.206
2026-08-19T05:00:00+00:00,0.03,0.0,9.06,8.95,0.168
2026-08-19T05:15:00+00:00,0.03,0.0,9.78,10.96,0.135
2026-08-19T05:30:00+00:00,0.02,0.07,7.87,7.23,0.108
2026-08-19T05:45:00+00:00,0.02,0.49,8.81,9.67,0.085
2026-08-19T06:00:00+00:00,1.1,0.93,8.43,8.36,0.066
2026-08-19T06:15:00+00:00,0.9,1.15,8.9,8.47,0.05
2026-08-19T06:30:00+00:00,0.74,0.12,8.43,9.02,0.038
2026-08-19T06:45:00+00:00,0.61,0.68,9.33,8.32,0.029
2026-08-19T07:00:00+00:00,0.5,0.26,7.74,7.4,0.021
2026-08-19T07:15:00+00:00,0.41,0.0,9.19,9.12,0.015
2026-08-19T07:30:00+00:00,0.33,1.14,8.67,9.63,0.011
2026-08-19T07:45:00+00:00,0.27,0.11,8.03,8.2,0.008
2026-08-19T08:00:00+00:00,0.23,0.59,9.03,7.11,0.006
2026-08-19T08:15:00+00:00,0.18,0.94,8.08,6.44,0.004
2026-08-19T08:30:00+00:00,0.15,0.26,9.68,11.74,0.003
2026-08-19T08:45:00+00:00,0.12,0.4,10.36,10.27,0.002
2026-08-19T09:00:00+00:00,0.1,0.31,9.09,9.03,0.001
2026-08-19T09:15:00+00:00,0.08,0.0,11.14,11.55,0.001
2026-08-19T09:30:00+00:00,0.07,0.0,10.6,10.92,0.001
2026-08-19T09:45:00+00:00,0.06,0.09,10.16,10.41,0.0
2026-08-19T10:00:00+00:00,0.05,0.0,10.33,9.51,0.0
2026-08-19T10:15:00+00:00,0.04,0.16,10.58,10.02,0.0
2026-08-19T10:30:00+00:00,0.97,1.36,11.57,10.73,0.0
2026-08-19T10:45:00+00:00,0.79,0.89,11.88,12.04,0.0
2026-08-19T11:00:00+00:00,0.65,1.14,12.37,12.07,0.0
2026-08-19T11:15:00+00:00,0.53,0.4,11.02,10.56,0.0
2026-08-19T11:30:00+00:00,0.44,0.09,11.76,12.43,0.0
2026-08-19T11:45:00+00:00,0.36,1.07,12.39,13.46,0.0
2026-08-19T12:00:00+00:00,0.29,0.0,13.97,14.76,0.0
2026-08-19T12:15:00+00:00,0.24,0.13,13.46,13.61,0.0
2026-08-19T12:30:00+00:00,0.2,0.42,13.05,14.64,0.0
2026-08-19T12:45:00+00:00,0.16,0.02,14.81,14.7,0.0
2026-08-19T13:00:00+00:00,0.13,0.28,15.55,16.1,0.0
2026-08-19T13:15:00+00:00,0.11,0.97,14.28,14.54,0.0
2026-08-19T13:30:00+00:00,0.09,0.12,14.38,15.53,0.0
2026-08-19T13:45:00+00:00,0.07,0.56,14.85,14.56,0.0
2026-08-19T14:00:00+00:00,0.06,0.62,15.17,15.01,0.0
2026-08-19T14:15:00+00:00,0.05,0.0,15.98,16.86,0.0
2026-08-19T14:30:00+00:00,0.04,0.63,17.02,16.18,0.0
2026-08-19T14:45:00+00:00,0.03,0.0,17.61,16.17,0.0
2026-08-19T15:00:00+00:00,0.03,0.62,17.33,18.04,0.0
2026-08-19T15:15:00+00:00,0.02,0.0,16.71,16.03,0.0
2026-08-19T15:30:00+00:00,0.02,0.03,18.62,19.5,0.0
2026-08-19T15:45:00+00:00,0.01,0.22,18.71,18.98,0.0
2026-08-19T16:00:00+00:00,0.01,0.16,19.21,19.71,0.0
2026-08-19T16:15:00+00:00,0.01,0.01,18.89,19.63,0.0
2026-08-19T16:30:00+00:00,0.01,0.0,19.06,18.57,0.0
2026-08-19T16:45:00+00:00,0.01,0.11,19.44,19.39,0.0
2026-08-19T17:00:00+00:00,0.01,0.18,18.55,19.54,0.0
2026-08-19T17:15:00+00:00,0.0,0.0,19.47,19.3,0.0
2026-08-19T17:30:00+00:00,0.0,0.0,19.12,16.71,0.0
2026-08-19T17:45:00+00:00,0.0,0.0,21.28,22.48,0.0
2026-08-19T18:00:00+00:00,0.0,0.0,20.15,21.54,0.0
2026-08-19T18:15:00+00:00,0.0,0.66,20.26,21.67,0.0
2026-08-19T18:30:00+00:00,0.0,0.27,18.96,18.08,0.0
2026-08-19T18:45:00+00:00,0.22,0.0,21.1,20.97,0.0
2026-08-19T19:00:00+00:00,0.18,0.25,21.49,19.84,0.0
2026-08-19T19:15:00+00:00,0.15,0.67,20.38,20.7,0.0
2026-08-19T19:30:00+00:00,0.12,0.35,19.67,18.75,0.0
2026-08-19T19:45:00+00:00,0.1,0.0,20.49,19.2,0.0
2026-08-19T20:00:00+00:00,0.08,0.52,21.08,21.91,0.0
2026-08-19T20:15:00+00:00,0.07,0.0,20.61,19.61,0.0
2026-08-19T20:30:00+00:00,0.05,0.08,20.31,20.63,0.0
2026-08-19T20:45:00+00:00,0.04,0.05,19.67,20.43,0.0
2026-08-19T21:00:00+00:00,0.04,0.61,19.7,20.79,0.0
2026-08-19T21:15:00+00:00,0.03,0.03,19.65,20.81,0.0
2026-08-19T21:30:00+00:00,0.02,0.01,19.05,17.88,0.0
2026-08-19T21:45:00+00:00,0.02,0.15,19.97,20.59,0.0
2026-08-19T22:00:00+00:00,0.02,0.26,17.98,18.06,0.0
2026-08-19T22:15:00+00:00,0.01,0.0,18.25,17.38,0.0
2026-08-19T22:30:00+00:00,0.01,0.03,19.56,18.79,0.0
2026-08-19T22:45:00+00:00,0.01,0.03,17.47,17.36,0.0
2026-08-19T23:00:00+00:00,0.01,0.0,16.92,16.76,0.0
2026-08-19T23:15:00+00:00,0.01,0.12,17.33,17.42,0.0
2026-08-19T23:30:00+00:00,0.01,0.0,15.77,15.93,0.0
2026-08-19T23:45:00+00:00,0.0,0.0,15.63,16.58,0.0
2026-08-20T00:00:00+00:00,0.0,0.0,16.1,17.27,0.0
2026-08-20T00:15:00+00:00,0.0,0.0,15.34,15.8,0.0
2026-08-20T00:30:00+00:00,0.0,0.12,14.99,15.1,0.0
2026-08-20T00:45:00+00:00,0.0,0.91,15.53,15.13,0.0
2026-08-20T01:00:00+00:00,0.0,0.0,13.9,14.2,0.0
2026-08-20T01:15:00+00:00,0.0,0.5,14.35,14.75,0.0
2026-08-20T01:30:00+00:00,0.0,1.11,13.94,12.33,0.0
2026-08-20T01:45:00+00:00,0.0,0.0,14.95,15.26,0.0
2026-08-20T02:00:00+00:00,0.0,0.34,11.93,12.27,0.0
2026-08-20T02:15:00+00:00,0.0,0.0,12.31,14.2,0.0
2026-08-20T02:30:00+00:00,0.0,0.0,11.85,12.96,0.0
2026-08-20T02:45:00+00:00,0.0,0.0,10.61,11.47,0.0
2026-08-20T03:00:00+00:00,0.0,0.69,10.13,9.22,0.0
2026-08-20T03:15:00+00:00,0.0,0.0,11.08,12.78,0.0
2026-08-20T03:30:00+00:00,0.0,0.0,11.08,12.9,0.0
2026-08-20T03:45:00+00:00,0.0,0.0,10.59,9.82,0.0
2026-08-20T04:00:00+00:00,0.0,0.0,10.04,9.64,0.0
2026-08-20T04:15:00+00:00,0.0,0.0,9.5,10.85,0.0
2026-08-20T04:30:00+00:00,0.0,0.0,9.73,9.28,0.0
2026-08-20T04:45:00+00:00,0.0,0.0,9.71,9.54,0.0
2026-08-20T05:00:00+00:00,0.0,0.0,10.25,9.14,0.0
2026-08-20T05:15:00+00:00,0.0,0.34,9.21,9.63,0.0
2026-08-20T05:30:00+00:00,0.0,0.51,10.58,10.3,0.0
2026-08-20T05:45:00+00:00,0.0,0.0,10.36,9.29,0.0
2026-08-20T06:00:00+00:00,0.0,0.03,9.45,8.83,0.0
2026-08-20T06:15:00+00:00,0.0,0.41,8.84,8.71,0.0
2026-08-20T06:30:00+00:00,0.0,0.0,9.48,9.36,0.0
2026-08-20T06:45:00+00:00,0.31,0.38,9.22,10.21,0.0
2026-08-20T07:00:00+00:00,0.25,0.36,8.21,7.22,0.0
2026-08-20T07:15:00+00:00,0.21,0.0,9.44,9.99,0.0
2026-08-20T07:30:00+00:00,0.17,0.0,9.16,11.71,0.0
2026-08-20T07:45:00+00:00,0.14,0.26,8.53,7.07,0.0
2026-08-20T08:00:00+00:00,0.11,0.0,9.52,8.48,0.0
2026-08-20T08:15:00+00:00,0.09,0.0,9.42,8.72,0.0
2026-08-20T08:30:00+00:00,0.08,0.12,7.19,9.01,0.0
2026-08-20T08:45:00+00:00,0.06,1.11,9.47,8.61,0.0
2026-08-20T09:00:00+00:00,0.05,0.0,8.73,9.12,0.0
2026-08-20T09:15:00+00:00,0.04,0.62,10.8,9.34,0.0
2026-08-20T09:30:00+00:00,0.03,0.0,9.14,9.54,0.0
2026-08-20T09:45:00+00:00,0.03,0.01,10.82,11.22,0.0
2026-08-20T10:00:00+00:00,1.3,0.68,11.94,12.62,0.0
2026-08-20T10:15:00+00:00,1.07,0.69,10.77,11.24,0.0
2026-08-20T10:30:00+00:00,0.88,1.37,11.86,10.68,0.0
2026-08-20T10:45:00+00:00,0.72,0.42,10.3,8.34,0.0
2026-08-20T11:00:00+00:00,0.59,0.41,13.17,14.32,0.0
2026-08-20T11:15:00+00:00,0.48,0.0,10.52,9.3,0.0
2026-08-20T11:30:00+00:00,0.4,1.19,12.4,13.79,0.0
2026-08-20T11:45:00+00:00,0.33,0.5,13.52,13.79,0.0
2026-08-20T12:00:00+00:00,0.27,0.65,12.37,12.48,0.0
2026-08-20T12:15:00+00:00,0.22,0.51,14.79,15.34,0.0
2026-08-20T12:30:00+00:00,0.18,0.41,14.11,13.17,0.0
2026-08-20T12:45:00+00:00,0.15,0.0,12.24,11.19,0.0
2026-08-20T13:00:00+00:00,0.12,0.42,15.58,16.57,0.0
2026-08-20T13:15:00+00:00,0.1,1.17,15.92,16.01,0.0
2026-08-20T13:30:00+00:00,0.08,0.47,15.32,15.54,0.0
2026-08-20T13:45:00+00:00,0.07,0.4,14.55,14.16,0.0
2026-08-20T14:00:00+00:00,0.34,0.67,16.12,15.72,0.0
2026-08-20T14:15:00+00:00,0.28,0.34,17.59,16.6,0.0
2026-08-20T14:30:00+00:00,0.23,0.26,17.57,17.8,0.0
2026-08-20T14:45:00+00:00,0.19,0.0,17.72,17.35,0.0
2026-08-20T15:00:00+00:00,0.15,1.14,17.47,17.94,0.0
2026-08-20T15:15:00+00:00,0.13,0.0,17.63,16.31,0.0
2026-08-20T15:30:00+00:00,0.1,0.48,18.83,18.25,0.0
2026-08-20T15:45:00+00:00,0.09,0.0,19.05,20.14,0.0
2026-08-20T16:00:00+00:00,0.07,0.0,18.43,19.07,0.0
2026-08-20T16:15:00+00:00,0.06,0.0,18.1,17.21,0.0
2026-08-20T16:30:00+00:00,0.05,0.3,17.72,18.03,0.0
2026-08-20T16:45:00+00:00,0.04,0.09,17.92,15.34,0.0
2026-08-20T17:00:00+00:00,0.03,0.25,19.63,20.59,0.0
2026-08-20T17:15:00+00:00,0.03,0.21,20.7,21.69,0.0
2026-08-20T17:30:00+00:00,0.02,0.15,19.0,17.91,0.0
2026-08-20T17:45:00+00:00,0.02,0.41,20.56,20.51,0.0
2026-08-20T18:00:00+00:00,0.07,0.0,19.66,19.72,0.0
2026-08-20T18:15:00+00:00,0.06,0.32,20.42,19.91,0.0
2026-08-20T18:30:00+00:00,0.05,0.0,19.69,18.51,0.0
2026-08-20T18:45:00+00:00,0.04,0.31,20.35,19.77,0.0
2026-08-20T19:00:00+00:00,0.03,0.0,21.12,21.43,0.0
2026-08-20T19:15:00+00:00,0.03,0.67,19.05,18.73,0.0
2026-08-20T19:30:00+00:00,0.02,0.7,20.8,21.67,0.0
2026-08-20T19:45:00+00:00,0.02,0.0,20.87,21.54,0.0
2026-08-20T20:00:00+00:00,0.01,0.21,19.76,18.99,0.0
2026-08-20T20:15:00+00:00,0.01,0.0,17.59,17.68,0.0
2026-08-20T20:30:00+00:00,0.01,0.15,18.92,18.3,0.0
2026-08-20T20:45:00+00:00,0.01,0.1,19.87,20.87,0.0
2026-08-20T21:00:00+00:00,0.01,0.07,20.2,21.21,0.0
2026-08-20T21:15:00+00:00,0.01,0.74,19.49,18.43,0.0
2026-08-20T21:30:00+00:00,0.0,0.0,19.18,19.21,0.0
2026-08-20T21:45:00+00:00,0.0,0.0,18.69,19.6,0.0
2026-08-20T22:00:00+00:00,0.81,0.84,18.72,17.93,0.0
2026-08-20T22:15:00+00:00,0.72,0.89,18.83,18.19,0.0
2026-08-20T22:30:00+00:00,0.59,0.41,18.29,16.78,0.0
2026-08-20T22:45:00+00:00,0.48,0.03,17.66,16.61,0.0
2026-08-20T23:00:00+00:00,0.39,0.89,18.04,18.22,0.0
2026-08-20T23:15:00+00:00,0.32,1.53,16.59,15.63,0.0
2026-08-20T23:30:00+00:00,0.27,0.0,16.98,15.57,0.0
2026-08-20T23:45:00+00:00,0.22,0.0,17.58,17.06,0.0
2026-08-21T00:00:00+00:00,0.18,0.86,16.71,17.49,0.0
2026-08-21T00:15:00+00:00,0.15,0.26,16.02,16.89,0.0
2026-08-21T00:30:00+00:00,0.12,0.0,14.39,15.23,0.0
2026-08-21T00:45:00+00:00,0.1,0.51,15.69,15.53,0.0
2026-08-21T01:00:00+00:00,0.08,0.12,14.59,15.52,0.0
2026-08-21T01:15:00+00:00,0.07,0.06,12.89,12.87,0.0
2026-08-21T01:30:00+00:00,0.05,0.0,13.16,12.98,0.0
2026-08-21T01:45:00+00:00,0.04,0.0,13.47,12.84,0.0
2026-08-21T02:00:00+00:00,0.04,0.0,11.67,11.7,0.0
2026-08-21T02:15:00+00:00,0.03,0.0,12.45,11.72,0.0
2026-08-21T02:30:00+00:00,0.64,1.19,12.15,12.51,0.0
2026-08-21T02:45:00+00:00,0.52,0.22,12.11,11.21,0.0
2026-08-21T03:00:00+00:00,0.43,0.52,11.92,10.68,0.0
2026-08-21T03:15:00+00:00,0.35,0.0,11.45,9.4,0.0
2026-08-21T03:30:00+00:00,0.29,0.04,10.97,10.52,0.0
2026-08-21T03:45:00+00:00,0.24,0.0,11.37,10.85,0.0
2026-08-21T04:00:00+00:00,0.19,1.43,10.8,11.23,0.0
2026-08-21T04:15:00+00:00,0.16,0.13,9.26,10.15,0.0
2026-08-21T04:30:00+00:00,0.13,0.0,9.64,8.24,0.0
2026-08-21T04:45:00+00:00,0.11,0.54,10.86,10.98,0.0
2026-08-21T05:00:00+00:00,0.09,0.0,10.82,9.34,0.0
2026-08-21T05:15:00+00:00,0.07,0.0,9.75,9.77,0.0
2026-08-21T05:30:00+00:00,0.06,0.0,8.84,7.78,0.0
2026-08-21T05:45:00+00:00,0.05,0.74,10.21,11.63,0.0
2026-08-21T06:00:00+00:00,0.04,0.26,9.58,8.9,0.0
2026-08-21T06:15:00+00:00,0.03,0.03,8.56,8.63,0.0
2026-08-21T06:30:00+00:00,0.03,0.12,8.55,8.55,0.0
2026-08-21T06:45:00+00:00,0.02,0.02,8.08,8.21,0.0
2026-08-21T07:00:00+00:00,0.02,0.0,9.05,9.44,0.0
2026-08-21T07:15:00+00:00,0.01,0.4,8.54,8.98,0.0
2026-08-21T07:30:00+00:00,0.01,0.07,8.86,8.01,0.0
2026-08-21T07:45:00+00:00,0.01,0.14,8.7,7.77,0.0
2026-08-21T08:00:00+00:00,0.01,0.19,9.62,10.26,0.0
2026-08-21T08:15:00+00:00,0.01,0.0,9.16,8.75,0.0
2026-08-21T08:30:00+00:00,0.01,0.0,9.62,10.25,0.0
2026-08-21T08:45:00+00:00,0.0,0.03,9.82,11.08,0.0
2026-08-21T09:00:00+00:00,0.0,0.0,9.6,10.77,0.0
2026-08-21T09:15:00+00:00,0.0,0.0,9.32,8.61,0.0
2026-08-21T09:30:00+00:00,0.0,0.24,10.21,9.37,0.0
2026-08-21T09:45:00+00:00,0.0,0.39,10.6,9.55,0.0
2026-08-21T10:00:00+00:00,1.08,0.33,10.46,10.67,0.0
2026-08-21T10:15:00+00:00,0.88,0.25,11.7,11.57,0.0
2026-08-21T10:30:00+00:00,0.72,0.54,11.98,10.81,0.0
2026-08-21T10:45:00+00:00,0.59,1.14,9.83,8.22,0.0
2026-08-21T11:00:00+00:00,0.49,0.0,10.89,10.77,0.0
2026-08-21T11:15:00+00:00,0.4,0.87,12.49,11.83,0.0
2026-08-21T11:30:00+00:00,0.33,0.38,12.56,12.53,0.0
2026-08-21T11:45:00+00:00,0.27,0.15,14.25,14.25,0.0
2026-08-21T12:00:00+00:00,0.22,0.0,13.1,11.94,0.0
2026-08-21T12:15:00+00:00,0.18,0.0,12.62,11.01,0.0
2026-08-21T12:30:00+00:00,0.15,0.51,12.94,13.69,0.0
2026-08-21T12:45:00+00:00,0.12,0.36,15.5,16.68,0.0
2026-08-21T13:00:00+00:00,0.1,0.21,15.2,15.62,0.0
2026-08-21T13:15:00+00:00,0.08,0.18,13.78,14.66,0.0
2026-08-21T13:30:00+00:00,0.07,0.0,16.27,18.74,0.0
2026-08-21T13:45:00+00:00,0.05,0.71,16.14,15.48,0.0
2026-08-21T14:00:00+00:00,0.04,0.8,15.76,15.71,0.0
2026-08-21T14:15:00+00:00,0.04,0.18,17.29,15.69,0.0
2026-08-21T14:30:00+00:00,0.03,0.0,16.19,15.69,0.0
2026-08-21T14:45:00+00:00,0.02,0.64,17.22,17.34,0.0
2026-08-21T15:00:00+00:00,0.02,0.2,17.56,18.22,0.0
2026-08-21T15:15:00+00:00,0.02,0.0,17.96,18.07,0.0
2026-08-21T15:30:00+00:00,0.01,0.25,17.74,17.97,0.0
2026-08-21T15:45:00+00:00,0.01,0.48,19.45,19.59,0.0
2026-08-21T16:00:00+00:00,0.01,0.0,17.95,16.95,0.0
2026-08-21T16:15:00+00:00,0.01,0.0,18.77,18.47,0.0
2026-08-21T16:30:00+00:00,0.01,0.32,19.86,19.68,0.0
2026-08-21T16:45:00+00:00,0.01,0.0,18.49,17.39,0.0
2026-08-21T17:00:00+00:00,0.0,0.52,20.7,20.41,0.0
2026-08-21T17:15:00+00:00,0.0,0.14,18.73,17.79,0.0
2026-08-21T17:30:00+00:00,0.0,0.22,19.23,19.25,0.0
2026-08-21T17:45:00+00:00,0.0,0.21,20.53,19.51,0.0
2026-08-21T18:00:00+00:00,0.0,0.0,20.65,19.66,0.0
2026-08-21T18:15:00+00:00,0.0,0.13,21.42,21.66,0.0
2026-08-21T18:30:00+00:00,0.0,0.0,21.32,22.76,0.0
2026-08-21T18:45:00+00:00,0.0,0.0,20.96,20.12,0.0
2026-08-21T19:00:00+00:00,0.0,0.22,20.07,19.69,0.0
2026-08-21T19:15:00+00:00,0.0,0.0,20.99,21.38,0.0
2026-08-21T19:30:00+00:00,0.0,0.0,19.74,19.28,0.0
2026-08-21T19:45:00+00:00,0.0,0.37,20.24,20.85,0.0
2026-08-21T20:00:00+00:00,0.0,0.0,21.14,21.05,0.0
2026-08-21T20:15:00+00:00,0.0,0.53,20.22,20.01,0.0
2026-08-21T20:30:00+00:00,0.0,0.08,20.01,19.07,0.0
2026-08-21T20:45:00+00:00,0.0,0.02,19.8,20.41,0.0
2026-08-21T21:00:00+00:00,0.0,0.23,20.81,21.88,0.0
2026-08-21T21:15:00+00:00,0.0,0.0,19.35,18.24,0.0
2026-08-21T21:30:00+00:00,0.0,0.96,18.08,18.47,0.0
2026-08-21T21:45:00+00:00,0.0,0.19,19.73,20.74,0.0
2026-08-21T22:00:00+00:00,0.09,0.0,18.61,18.39,0.0
2026-08-21T22:15:00+00:00,0.07,0.83,17.33,16.72,0.0
2026-08-21T22:30:00+00:00,0.49,0.0,18.16,18.23,0.0
2026-08-21T22:45:00+00:00,0.4,0.0,17.01,16.89,0.0
2026-08-21T23:00:00+00:00,0.33,0.65,17.24,16.56,0.0
2026-08-21T23:15:00+00:00,0.27,0.45,17.78,17.27,0.0
2026-08-21T23:30:00+00:00,0.22,0.15,17.63,17.9,0.0
2026-08-21T23:45:00+00:00,0.18,0.51,17.23,18.03,0.0
2026-08-22T00:00:00+00:00,0.15,0.15,14.31,14.86,0.0
2026-08-22T00:15:00+00:00,0.12,0.0,14.86,15.81,0.0
2026-08-22T00:30:00+00:00,0.1,0.0,15.79,16.51,0.0
2026-08-22T00:45:00+00:00,0.08,0.41,14.68,15.39,0.0
2026-08-22T01:00:00+00:00,0.07,0.0,13.95,12.92,0.0
2026-08-22T01:15:00+00:00,0.06,0.0,13.98,14.01,0.0
2026-08-22T01:30:00+00:00,0.05,0.0,14.85,16.46,0.0
2026-08-22T01:45:00+00:00,0.04,0.16,14.14,14.11,0.0
2026-08-22T02:00:00+00:00,0.03,0.67,12.21,12.39,0.0
2026-08-22T02:15:00+00:00,0.03,0.55,12.01,11.49,0.0
2026-08-22T02:30:00+00:00,0.02,0.0,11.77,11.43,0.0
2026-08-22T02:45:00+00:00,0.02,0.67,12.39,13.39,0.0
2026-08-22T03:00:00+00:00,0.01,0.14,11.94,11.91,0.0
2026-08-22T03:15:00+00:00,0.01,0.0,11.24,11.39,0.0
2026-08-22T03:30:00+00:00,1.32,0.86,10.91,10.71,0.0
2026-08-22T03:45:00+00:00,1.09,0.38,10.01,10.67,0.0
2026-08-22T04:00:00+00:00,0.89,0.76,10.4,9.51,0.0
2026-08-22T04:15:00+00:00,0.73,1.22,10.31,10.24,0.0
2026-08-22T04:30:00+00:00,0.6,0.59,11.87,11.71,0.0
2026-08-22T04:45:00+00:00,0.49,0.22,10.35,9.2,0.0
2026-08-22T05:00:00+00:00,0.4,0.06,7.91,8.11,0.0
2026-08-22T05:15:00+00:00,0.33,0.0,8.83,8.8,0.0
2026-08-22T05:30:00+00:00,0.27,0.32,8.91,9.06,0.0
2026-08-22T05:45:00+00:00,0.22,0.0,9.79,9.88,0.0
2026-08-22T06:00:00+00:00,0.18,0.0,7.65,7.57,0.0
2026-08-22T06:15:00+00:00,0.15,0.0,9.15,9.46,0.0
2026-08-22T06:30:00+00:00,0.12,0.35,9.49,10.06,0.0
2026-08-22T06:45:00+00:00,0.1,1.06,9.72,8.2,0.0
2026-08-22T07:00:00+00:00,0.08,0.0,8.69,9.14,0.0
2026-08-22T07:15:00+00:00,0.07,0.0,8.43,9.76,0.0
2026-08-22T07:30:00+00:00,0.06,0.0,8.84,10.77,0.0
2026-08-22T07:45:00+00:00,0.05,0.94,9.81,9.7,0.0
2026-08-22T08:00:00+00:00,0.04,0.4,8.01,8.94,0.0
2026-08-22T08:15:00+00:00,0.03,0.0,8.22,8.32,0.0
2026-08-22T08:30:00+00:00,0.03,0.0,8.0,8.31,0.0
2026-08-22T08:45:00+00:00,0.08,0.0,10.11,11.3,0.0
2026-08-22T09:00:00+00:00,0.06,0.0,10.45,10.46,0.0
2026-08-22T09:15:00+00:00,0.05,0.0,9.74,8.59,0.0
2026-08-22T09:30:00+00:00,0.04,0.0,9.36,7.7,0.0
2026-08-22T09:45:00+00:00,0.04,0.0,9.62,9.36,0.0
2026-08-22T10:00:00+00:00,0.03,0.09,10.99,10.61,0.0
2026-08-22T10:15:00+00:00,0.02,0.0,11.59,10.38,0.0
2026-08-22T10:30:00+00:00,0.02,0.0,10.78,10.97,0.0
2026-08-22T10:45:00+00:00,0.02,0.29,10.1,10.46,0.0
2026-08-22T11:00:00+00:00,0.01,0.37,11.76,12.1,0.0
2026-08-22T11:15:00+00:00,0.01,0.0,11.63,11.8,0.0
2026-08-22T11:30:00+00:00,0.08,0.15,11.64,13.71,0.0
2026-08-22T11:45:00+00:00,0.06,0.0,11.63,12.11,0.0
2026-08-22T12:00:00+00:00,0.05,0.04,13.28,13.39,0.0
2026-08-22T12:15:00+00:00,0.04,0.0,14.11,14.04,0.0
2026-08-22T12:30:00+00:00,0.04,0.0,13.84,14.17,0.0
2026-08-22T12:45:00+00:00,0.03,0.0,13.94,13.54,0.0
2026-08-22T13:00:00+00:00,0.02,0.54,14.93,15.3,0.0
2026-08-22T13:15:00+00:00,0.02,0.23,15.79,15.34,0.0
2026-08-22T13:30:00+00:00,0.36,1.05,15.39,14.49,0.0
2026-08-22T13:45:00+00:00,0.29,1.14,15.52,15.47,0.0
2026-08-22T14:00:00+00:00,0.24,0.0,15.91,15.96,0.0
2026-08-22T14:15:00+00:00,0.2,0.41,16.87,16.26,0.0
2026-08-22T14:30:00+00:00,0.16,0.35,17.03,17.45,0.0
2026-08-22T14:45:00+00:00,0.13,0.0,16.12,16.66,0.0
2026-08-22T15:00:00+00:00,0.11,0.0,17.57,16.55,0.0
2026-08-22T15:15:00+00:00,0.09,0.0,19.01,18.86,0.0
2026-08-22T15:30:00+00:00,0.07,0.0,16.59,16.73,0.0
2026-08-22T15:45:00+00:00,0.06,0.0,17.78,19.35,0.0
2026-08-22T16:00:00+00:00,0.05,0.0,17.96,18.76,0.0
2026-08-22T16:15:00+00:00,0.04,0.16,19.31,18.89,0.0
2026-08-22T16:30:00+00:00,0.03,0.0,19.99,20.32,0.0
2026-08-22T16:45:00+00:00,0.03,0.01,19.78,19.19,0.0
2026-08-22T17:00:00+00:00,0.02,0.87,19.44,18.23,0.0
2026-08-22T17:15:00+00:00,0.02,0.0,20.94,20.89,0.0
2026-08-22T17:30:00+00:00,0.01,0.0,20.47,21.22,0.0
2026-08-22T17:45:00+00:00,0.01,0.0,20.72,20.93,0.0
2026-08-22T18:00:00+00:00,0.01,0.08,19.34,19.36,0.0
2026-08-22T18:15:00+00:00,0.07,0.0,20.95,21.45,0.0
2026-08-22T18:30:00+00:00,0.06,0.29,21.76,21.86,0.0
2026-08-22T18:45:00+00:00,0.05,0.0,19.21,18.91,0.0
2026-08-22T19:00:00+00:00,0.04,0.96,21.73,21.5,0.0
2026-08-22T19:15:00+00:00,0.03,0.0,20.55,20.35,0.0
2026-08-22T19:30:00+00:00,0.03,0.56,20.71,20.76,0.0
2026-08-22T19:45:00+00:00,0.23,1.15,20.73,23.2,0.0
2026-08-22T20:00:00+00:00,0.19,0.23,21.13,21.6,0.0
2026-08-22T20:15:00+00:00,0.15,0.0,19.94,19.65,0.0
2026-08-22T20:30:00+00:00,0.13,0.57,19.78,19.28,0.0
2026-08-22T20:45:00+00:00,0.1,0.0,20.08,18.75,0.0
2026-08-22T21:00:00+00:00,0.08,0.28,20.42,20.54,0.0
2026-08-22T21:15:00+00:00,0.07,0.0,19.65,18.72,0.0
2026-08-22T21:30:00+00:00,0.06,0.76,18.31,18.71,0.0
2026-08-22T21:45:00+00:00,0.05,0.0,17.89,17.82,0.0
2026-08-22T22:00:00+00:00,0.04,0.11,19.43,20.34,0.0
2026-08-22T22:15:00+00:00,0.03,0.17,18.51,19.17,0.0
2026-08-22T22:30:00+00:00,0.24,0.44,17.21,16.84,0.0
2026-08-22T22:45:00+00:00,0.19,0.97,17.98,18.3,0.0
2026-08-22T23:00:00+00:00,0.16,0.17,16.37,16.73,0.0
2026-08-22T23:15:00+00:00,0.13,0.0,16.88,16.49,0.0
2026-08-22T23:30:00+00:00,0.11,0.58,15.6,15.37,0.0
2026-08-22T23:45:00+00:00,0.09,0.56,15.7,17.03,0.0
2026-08-23T00:00:00+00:00,1.88,2.3,16.18,16.0,0.0
2026-08-23T00:15:00+00:00,1.54,1.33,16.99,16.53,0.0
2026-08-23T00:30:00+00:00,1.26,1.83,15.35,16.63,0.0
2026-08-23T00:45:00+00:00,1.03,0.85,15.09,15.33,0.0
2026-08-23T01:00:00+00:00,0.85,1.24,15.17,15.07,0.0
2026-08-23T01:15:00+00:00,0.7,0.48,14.8,15.35,0.0
2026-08-23T01:30:00+00:00,0.57,1.02,13.74,14.99,0.0
2026-08-23T01:45:00+00:00,0.47,0.0,13.46,12.05,0.0
2026-08-23T02:00:00+00:00,0.38,0.0,12.83,12.65,0.0
2026-08-23T02:15:00+00:00,0.31,0.01,12.71,11.92,0.0
2026-08-23T02:30:00+00:00,0.26,0.23,12.47,11.28,0.0
2026-08-23T02:45:00+00:00,0.21,0.03,12.47,12.36,0.0
2026-08-23T03:00:00+00:00,0.17,0.17,11.54,12.63,0.0
2026-08-23T03:15:00+00:00,0.14,0.64,11.0,9.86,0.0
2026-08-23T03:30:00+00:00,0.12,0.54,10.31,9.45,0.0
2026-08-23T03:45:00+00:00,0.1,0.0,10.06,9.27,0.0
2026-08-23T04:00:00+00:00,0.08,0.0,9.64,9.58,0.0
2026-08-23T04:15:00+00:00,0.06,0.13,9.26,8.97,0.0
2026-08-23T04:30:00+00:00,0.05,0.46,9.56,9.05,0.0
2026-08-23T04:45:00+00:00,0.62,0.35,9.82,9.53,0.0
2026-08-23T05:00:00+00:00,0.51,0.76,8.94,8.64,0.0
2026-08-23T05:15:00+00:00,0.42,0.74,8.12,8.17,0.0
2026-08-23T05:30:00+00:00,0.34,0.0,9.09,9.15,0.0
2026-08-23T05:45:00+00:00,0.28,0.62,8.22,7.23,0.0
2026-08-23T06:00:00+00:00,0.23,0.19,9.32,10.68,0.0
2026-08-23T06:15:00+00:00,0.21,0.67,8.34,8.36,0.0
2026-08-23T06:30:00+00:00,0.18,0.0,8.36,7.92,0.0
2026-08-23T06:45:00+00:00,0.14,0.35,9.2,9.6,0.0
2026-08-23T07:00:00+00:00,0.12,0.0,9.3,9.06,0.0
2026-08-23T07:15:00+00:00,0.1,0.29,8.26,9.96,0.0
2026-08-23T07:30:00+00:00,0.08,0.0,8.49,7.97,0.0
2026-08-23T07:45:00+00:00,0.07,0.0,8.12,9.48,0.0
2026-08-23T08:00:00+00:00,0.05,0.0,9.13,9.28,0.0
2026-08-23T08:15:00+00:00,0.04,0.41,8.68,8.13,0.0
2026-08-23T08:30:00+00:00,0.04,0.56,9.02,9.76,0.0
2026-08-23T08:45:00+00:00,0.03,0.39,9.01,8.55,0.0
2026-08-23T09:00:00+00:00,0.02,0.0,8.53,8.96,0.0
2026-08-23T09:15:00+00:00,0.02,0.08,9.82,9.42,0.0
2026-08-23T09:30:00+00:00,0.02,0.0,11.17,11.04,0.0
2026-08-23T09:45:00+00:00,0.01,0.55,11.14,10.96,0.0
2026-08-23T10:00:00+00:00,0.01,0.14,9.77,10.5,0.0
2026-08-23T10:15:00+00:00,0.01,0.46,11.21,10.55,0.0
2026-08-23T10:30:00+00:00,0.01,0.37,10.7,11.95,0.0
2026-08-23T10:45:00+00:00,0.01,0.03,10.05,9.14,0.0
2026-08-23T11:00:00+00:00,0.0,0.0,10.66,11.31,0.0
2026-08-23T11:15:00+00:00,0.0,0.0,12.05,12.16,0.0
2026-08-23T11:30:00+00:00,0.0,0.16,11.43,11.49,0.0
2026-08-23T11:45:00+00:00,0.0,0.0,13.41,13.75,0.0
2026-08-23T12:00:00+00:00,0.0,0.72,12.37,10.86,0.0
2026-08-23T12:15:00+00:00,0.0,0.38,13.81,14.3,0.0
2026-08-23T12:30:00+00:00,0.0,0.0,13.65,13.73,0.0
2026-08-23T12:45:00+00:00,0.0,0.0,14.52,15.48,0.0
2026-08-23T13:00:00+00:00,0.0,0.29,14.26,13.81,0.0
2026-08-23T13:15:00+00:00,0.0,0.0,14.38,13.89,0.0
2026-08-23T13:30:00+00:00,0.0,0.0,15.89,15.59,0.0
2026-08-23T13:45:00+00:00,0.0,0.15,15.25,14.44,0.0
2026-08-23T14:00:00+00:00,0.0,0.7,15.75,16.34,0.0
2026-08-23T14:15:00+00:00,0.0,0.38,16.66,16.26,0.0
2026-08-23T14:30:00+00:00,0.0,0.0,16.47,16.35,0.0
2026-08-23T14:45:00+00:00,0.0,0.03,16.97,16.94,0.0
2026-08-23T15:00:00+00:00,0.0,0.0,17.78,18.36,0.0
2026-08-23T15:15:00+00:00,0.0,0.0,16.87,16.61,0.0
2026-08-23T15:30:00+00:00,0.0,0.19,18.24,18.63,0.0
2026-08-23T15:45:00+00:00,0.0,0.0,17.95,18.43,0.0
2026-08-23T16:00:00+00:00,0.0,0.0,18.72,19.29,0.0
2026-08-23T16:15:00+00:00,0.0,0.0,18.33,19.6,0.0
2026-08-23T16:30:00+00:00,0.0,0.0,20.1,20.77,0.0
2026-08-23T16:45:00+00:00,0.0,0.26,19.0,18.77,0.0
2026-08-23T17:00:00+00:00,0.0,0.02,19.26,18.5,0.0
2026-08-23T17:15:00+00:00,0.0,0.49,20.64,21.59,0.0
2026-08-23T17:30:00+00:00,0.0,0.0,19.77,19.92,0.0
2026-08-23T17:45:00+00:00,0.0,0.62,20.44,20.17,0.0
2026-08-23T18:00:00+00:00,0.0,0.0,19.98,21.24,0.0
2026-08-23T18:15:00+00:00,0.0,0.0,20.62,20.43,0.0
2026-08-23T18:30:00+00:00,0.0,0.0,20.21,20.31,0.0
2026-08-23T18:45:00+00:00,0.0,0.0,20.21,20.59,0.0
2026-08-23T19:00:00+00:00,0.0,0.0,20.69,20.24,0.0
2026-08-23T19:15:00+00:00,0.0,0.22,20.22,20.99,0.0
2026-08-23T19:30:00+00:00,0.0,0.0,19.41,19.71,0.0
2026-08-23T19:45:00+00:00,0.0,0.0,20.12,19.14,0.0
2026-08-23T20:00:00+00:00,0.0,0.22,20.26,21.14,0.0
2026-08-23T20:15:00+00:00,0.0,0.1,19.48,18.44,0.0
2026-08-23T20:30:00+00:00,0.0,0.09,21.22,21.75,0.0
2026-08-23T20:45:00+00:00,0.0,0.4,19.34,19.38,0.0
2026-08-23T21:00:00+00:00,0.0,0.0,19.07,18.49,0.0
2026-08-23T21:15:00+00:00,0.4,0.77,19.31,19.01,0.0
2026-08-23T21:30:00+00:00,0.33,0.12,19.51,19.73,0.0
2026-08-23T21:45:00+00:00,0.27,0.21,18.94,18.02,0.0
2026-08-23T22:00:00+00:00,0.22,0.69,18.75,19.58,0.0
2026-08-23T22:15:00+00:00,0.18,0.6,19.11,19.21,0.0
2026-08-23T22:30:00+00:00,0.15,0.0,18.65,19.27,0.0
2026-08-23T22:45:00+00:00,0.12,1.01,17.72,18.56,0.0
2026-08-23T23:00:00+00:00,0.1,0.15,18.34,17.91,0.0
2026-08-23T23:15:00+00:00,0.08,0.34,17.1,16.49,0.0
2026-08-23T23:30:00+00:00,0.07,0.0,17.2,17.77,0.0
2026-08-23T23:45:00+00:00,0.06,0.0,17.01,17.55,0.0
2026-08-24T00:00:00+00:00,0.05,0.0,16.53,16.86,0.0
2026-08-24T00:15:00+00:00,0.04,0.0,14.79,15.36,0.0
2026-08-24T00:30:00+00:00,0.03,0.43,15.06,15.0,0.0
2026-08-24T00:45:00+00:00,0.02,0.0,14.57,14.05,0.0
2026-08-24T01:00:00+00:00,0.02,0.99,14.65,16.17,0.0
2026-08-24T01:15:00+00:00,0.02,0.0,13.1,13.33,0.0
2026-08-24T01:30:00+00:00,0.01,0.0,13.0,12.58,0.0
2026-08-24T01:45:00+00:00,0.01,0.0,12.41,11.45,0.0
2026-08-24T02:00:00+00:00,0.01,0.05,12.37,13.38,0.0
2026-08-24T02:15:00+00:00,0.01,0.2,12.54,12.07,0.0
2026-08-24T02:30:00+00:00,0.01,0.0,11.98,10.65,0.0
2026-08-24T02:45:00+00:00,0.01,0.52,11.97,11.64,0.0
2026-08-24T03:00:00+00:00,0.0,0.0,11.9,12.94,0.0
2026-08-24T03:15:00+00:00,1.27,1.64,10.59,10.98,0.0
2026-08-24T03:30:00+00:00,1.04,0.95,9.84,8.85,0.0
2026-08-24T03:45:00+00:00,0.85,0.09,10.38,10.11,0.0
2026-08-24T04:00:00+00:00,0.7,1.44,10.22,11.86,0.0
2026-08-24T04:15:00+00:00,0.57,0.27,9.58,9.94,0.0
2026-08-24T04:30:00+00:00,0.47,0.38,11.17,11.19,0.0
2026-08-24T04:45:00+00:00,0.39,0.39,9.13,9.62,0.0
2026-08-24T05:00:00+00:00,0.32,0.36,8.5,7.98,0.0
2026-08-24T05:15:00+00:00,0.51,0.42,10.16,11.58,0.0
2026-08-24T05:30:00+00:00,0.42,0.4,9.25,9.79,0.0
2026-08-24T05:45:00+00:00,0.35,0.0,10.76,10.91,0.0
2026-08-24T06:00:00+00:00,0.28,0.0,9.36,8.49,0.0
2026-08-24T06:15:00+00:00,0.23,0.0,9.0,9.28,0.0
2026-08-24T06:30:00+00:00,0.19,0.08,8.77,7.27,0.0
2026-08-24T06:45:00+00:00,0.16,0.16,9.2,8.13,0.0
2026-08-24T07:00:00+00:00,0.13,0.15,8.0,8.38,0.0
2026-08-24T07:15:00+00:00,0.11,0.04,8.9,9.59,0.0
2026-08-24T07:30:00+00:00,0.09,0.0,8.17,8.42,0.0
2026-08-24T07:45:00+00:00,0.07,0.0,8.72,9.1,0.0
2026-08-24T08:00:00+00:00,0.06,1.03,9.79,11.02,0.0
2026-08-24T08:15:00+00:00,0.05,0.27,7.48,7.68,0.0
2026-08-24T08:30:00+00:00,0.04,0.5,9.48,10.36,0.0
2026-08-24T08:45:00+00:00,0.03,0.0,9.1,9.06,0.0
2026-08-24T09:00:00+00:00,0.03,0.0,10.42,9.74,0.0
2026-08-24T09:15:00+00:00,0.02,0.06,10.64,10.35,0.0
2026-08-24T09:30:00+00:00,0.02,0.0,11.43,12.32,0.0
2026-08-24T09:45:00+00:00,0.01,0.09,10.58,10.86,0.0
2026-08-24T10:00:00+00:00,0.01,0.22,9.21,8.77,0.0
2026-08-24T10:15:00+00:00,0.01,0.55,12.28,12.11,0.0
2026-08-24T10:30:00+00:00,0.01,0.53,9.97,9.36,0.0
2026-08-24T10:45:00+00:00,0.01,0.0,10.69,10.17,0.0
2026-08-24T11:00:00+00:00,0.01,0.0,10.62,11.45,0.0
2026-08-24T11:15:00+00:00,0.0,0.11,11.52,11.61,0.0
2026-08-24T11:30:00+00:00,0.0,0.08,11.69,10.87,0.0
2026-08-24T11:45:00+00:00,0.0,0.0,12.8,12.08,0.0
2026-08-24T12:00:00+00:00,1.66,1.05,12.85,13.6,0.0
2026-08-24T12:15:00+00:00,1.36,1.56,13.73,14.21,0.0
2026-08-24T12:30:00+00:00,1.11,0.91,12.62,11.71,0.0
2026-08-24T12:45:00+00:00,0.91,0.52,15.39,16.31,0.0
2026-08-24T13:00:00+00:00,0.75,0.18,14.67,13.28,0.0
2026-08-24T13:15:00+00:00,0.61,0.15,14.14,16.1,0.0
2026-08-24T13:30:00+00:00,0.5,0.35,15.79,16.04,0.0
2026-08-24T13:45:00+00:00,0.41,1.12,15.56,15.26,0.0
2026-08-24T14:00:00+00:00,0.34,0.0,17.5,17.46,0.0
2026-08-24T14:15:00+00:00,0.28,0.0,16.9,16.57,0.0
2026-08-24T14:30:00+00:00,0.23,0.0,18.02,18.31,0.0
2026-08-24T14:45:00+00:00,0.19,0.0,16.75,15.87,0.0
2026-08-24T15:00:00+00:00,0.15,0.27,17.63,18.05,0.0
2026-08-24T15:15:00+00:00,2.64,1.65,17.02,18.61,0.0
2026-08-24T15:30:00+00:00,2.17,1.31,17.53,17.7,0.0
2026-08-24T15:45:00+00:00,1.78,1.37,17.95,18.85,0.0
2026-08-24T16:00:00+00:00,1.46,0.98,17.58,18.29,0.0
2026-08-24T16:15:00+00:00,1.19,0.67,18.77,18.96,0.0
2026-08-24T16:30:00+00:00,0.98,0.49,18.62,18.53,0.0
2026-08-24T16:45:00+00:00,0.8,0.47,19.48,18.52,0.0
2026-08-24T17:00:00+00:00,0.66,0.69,18.87,18.21,0.0
2026-08-24T17:15:00+00:00,0.54,0.61,18.61,19.62,0.0
2026-08-24T17:30:00+00:00,0.44,0.48,19.68,19.85,0.0
2026-08-24T17:45:00+00:00,0.36,1.47,19.56,19.81,0.0
2026-08-24T18:00:00+00:00,0.3,1.14,19.73,19.96,0.0
2026-08-24T18:15:00+00:00,0.24,0.0,20.13,19.94,0.0
2026-08-24T18:30:00+00:00,0.2,0.97,19.38,19.63,0.0
2026-08-24T18:45:00+00:00,0.16,0.0,20.93,20.93,0.0
2026-08-24T19:00:00+00:00,0.13,0.15,20.04,18.98,0.0
2026-08-24T19:15:00+00:00,0.11,1.17,19.83,19.5,0.0
2026-08-24T19:30:00+00:00,0.09,0.0,20.15,20.84,0.0
2026-08-24T19:45:00+00:00,0.07,0.1,20.72,21.17,0.0
2026-08-24T20:00:00+00:00,0.06,0.31,20.83,20.14,0.0
2026-08-24T20:15:00+00:00,0.05,0.0,18.3,19.05,0.0
2026-08-24T20:30:00+00:00,0.22,0.09,18.77,19.23,0.0
2026-08-24T20:45:00+00:00,0.18,0.2,20.16,20.37,0.0
2026-08-24T21:00:00+00:00,0.47,0.0,20.0,19.13,0.0
2026-08-24T21:15:00+00:00,0.38,0.65,20.65,19.6,0.0
2026-08-24T21:30:00+00:00,0.31,0.79,20.22,19.8,0.0
2026-08-24T21:45:00+00:00,0.26,0.1,19.06,19.31,0.0
2026-08-24T22:00:00+00:00,0.21,0.0,19.31,19.24,0.0
2026-08-24T22:15:00+00:00,0.17,0.35,18.35,17.65,0.0
2026-08-24T22:30:00+00:00,0.14,0.1,16.76,18.11,0.0
2026-08-24T22:45:00+00:00,0.12,0.15,17.21,16.17,0.0
2026-08-24T23:00:00+00:00,0.1,0.53,16.75,15.91,0.0
2026-08-24T23:15:00+00:00,0.08,0.57,16.77,18.0,0.0
2026-08-24T23:30:00+00:00,0.06,0.0,15.8,16.3,0.0
2026-08-24T23:45:00+00:00,0.05,0.53,16.09,16.19,0.0
2026-08-25T00:00:00+00:00,0.04,0.37,15.42,14.4,0.0
2026-08-25T00:15:00+00:00,0.04,0.0,16.09,16.54,0.0
2026-08-25T00:30:00+00:00,0.03,0.0,16.09,15.55,0.0
2026-08-25T00:45:00+00:00,0.02,0.0,13.82,13.07,0.0
2026-08-25T01:00:00+00:00,0.02,0.0,15.19,15.62,0.0
2026-08-25T01:15:00+00:00,0.02,0.24,13.03,14.08,0.0
2026-08-25T01:30:00+00:00,0.01,0.01,14.23,15.02,0.0
2026-08-25T01:45:00+00:00,0.01,0.49,12.28,13.61,0.0
2026-08-25T02:00:00+00:00,0.01,0.0,13.11,13.16,0.0
2026-08-25T02:15:00+00:00,0.01,0.6,11.04,11.23,0.0
2026-08-25T02:30:00+00:00,0.01,0.0,11.26,10.75,0.0
2026-08-25T02:45:00+00:00,0.0,0.0,12.96,13.36,0.0
2026-08-25T03:00:00+00:00,0.0,0.61,11.44,10.83,0.0
2026-08-25T03:15:00+00:00,0.0,0.0,11.32,11.55,0.0
2026-08-25T03:30:00+00:00,0.0,0.41,11.37,10.05,0.0
2026-08-25T03:45:00+00:00,0.0,0.0,11.13,11.79,0.0
2026-08-25T04:00:00+00:00,0.0,0.0,10.33,11.64,0.0
2026-08-25T04:15:00+00:00,0.0,0.0,10.55,11.1,0.0
2026-08-25T04:30:00+00:00,0.21,0.28,10.04,9.68,0.0
2026-08-25T04:45:00+00:00,0.18,0.2,10.3,10.52,0.0
2026-08-25T05:00:00+00:00,0.14,0.0,10.68,11.32,0.0
2026-08-25T05:15:00+00:00,0.12,0.0,7.63,7.7,0.0
2026-08-25T05:30:00+00:00,0.1,0.0,9.54,10.25,0.0
2026-08-25T05:45:00+00:00,0.08,0.0,8.83,8.47,0.0
2026-08-25T06:00:00+00:00,0.07,0.29,9.14,9.46,0.0
2026-08-25T06:15:00+00:00,0.05,0.73,7.59,9.59,0.0
2026-08-25T06:30:00+00:00,0.04,0.69,8.35,7.66,0.0
2026-08-25T06:45:00+00:00,0.04,0.0,9.06,8.08,0.0
2026-08-25T07:00:00+00:00,0.03,0.0,9.77,10.33,0.0
2026-08-25T07:15:00+00:00,0.02,0.02,8.65,6.73,0.0
2026-08-25T07:30:00+00:00,0.02,0.0,8.06,7.49,0.0
2026-08-25T07:45:00+00:00,0.02,0.0,8.36,7.43,0.0
2026-08-25T08:00:00+00:00,0.01,0.0,9.44,9.85,0.0
2026-08-25T08:15:00+00:00,0.01,0.33,9.65,9.28,0.0
2026-08-25T08:30:00+00:00,0.01,0.0,8.9,8.88,0.0
2026-08-25T08:45:00+00:00,0.01,0.0,9.03,8.52,0.0
2026-08-25T09:00:00+00:00,0.01,0.68,9.33,9.79,0.0
2026-08-25T09:15:00+00:00,0.0,0.3,9.93,11.15,0.0
2026-08-25T09:30:00+00:00,0.0,0.13,9.25,10.27,0.0
2026-08-25T09:45:00+00:00,0.0,0.0,9.74,8.63,0.0
2026-08-25T10:00:00+00:00,0.0,0.0,9.82,11.34,0.0
2026-08-25T10:15:00+00:00,0.0,0.0,10.01,8.52,0.0
2026-08-25T10:30:00+00:00,0.0,0.26,11.0,11.87,0.0
2026-08-25T10:45:00+00:00,0.0,0.77,11.51,11.3,0.0
2026-08-25T11:00:00+00:00,0.0,0.07,12.32,12.49,0.0
2026-08-25T11:15:00+00:00,0.0,0.02,11.0,11.98,0.0
2026-08-25T11:30:00+00:00,0.0,0.24,12.65,12.24,0.0
2026-08-25T11:45:00+00:00,0.0,0.0,12.63,12.96,0.0
2026-08-25T12:00:00+00:00,0.0,0.21,12.36,11.74,0.0
2026-08-25T12:15:00+00:00,0.0,0.0,12.88,13.29,0.0
2026-08-25T12:30:00+00:00,0.0,0.0,13.46,13.28,0.0
2026-08-25T12:45:00+00:00,0.0,0.19,13.43,13.74,0.0
2026-08-25T13:00:00+00:00,1.76,1.78,14.8,14.9,0.0
2026-08-25T13:15:00+00:00,1.45,1.05,14.5,13.69,0.0
2026-08-25T13:30:00+00:00,1.19,1.71,14.67,15.71,0.0
2026-08-25T13:45:00+00:00,0.97,0.75,14.56,15.13,0.0
2026-08-25T14:00:00+00:00,0.8,0.12,16.46,15.26,0.0
2026-08-25T14:15:00+00:00,0.65,0.64,15.55,15.94,0.0
2026-08-25T14:30:00+00:00,0.54,1.28,17.69,17.99,0.0
2026-08-25T14:45:00+00:00,0.44,0.96,17.79,17.11,0.0
2026-08-25T15:00:00+00:00,0.36,1.34,17.78,17.98,0.0
2026-08-25T15:15:00+00:00,0.3,0.15,17.78,18.0,0.0
2026-08-25T15:30:00+00:00,0.24,1.0,17.57,16.91,0.0
2026-08-25T15:45:00+00:00,0.2,1.04,17.56,16.87,0.0
2026-08-25T16:00:00+00:00,0.16,0.0,18.61,18.47,0.0
2026-08-25T16:15:00+00:00,0.13,1.0,20.47,20.77,0.0
2026-08-25T16:30:00+00:00,0.11,0.04,18.11,18.72,0.0
2026-08-25T16:45:00+00:00,0.43,0.61,19.49,19.49,0.0
2026-08-25T17:00:00+00:00,0.36,0.31,19.71,21.05,0.0
2026-08-25T17:15:00+00:00,0.29,0.29,20.24,19.56,0.0
2026-08-25T17:30:00+00:00,0.24,0.0,20.56,19.63,0.0
2026-08-25T17:45:00+00:00,0.2,0.0,21.05,20.88,0.0
2026-08-25T18:00:00+00:00,0.47,0.09,20.11,19.93,0.0
2026-08-25T18:15:00+00:00,0.39,0.38,20.61,19.71,0.0
2026-08-25T18:30:00+00:00,0.32,0.43,20.34,20.72,0.0
2026-08-25T18:45:00+00:00,0.26,0.0,19.7,19.93,0.0
2026-08-25T19:00:00+00:00,0.21,0.83,20.87,20.26,0.0
2026-08-25T19:15:00+00:00,0.17,0.09,20.38,19.41,0.0
2026-08-25T19:30:00+00:00,0.14,0.0,20.15,20.04,0.0
2026-08-25T19:45:00+00:00,0.12,0.0,21.22,21.67,0.0
2026-08-25T20:00:00+00:00,0.1,0.23,21.33,22.23,0.0
2026-08-25T20:15:00+00:00,0.08,0.05,19.2,18.29,0.0
2026-08-25T20:30:00+00:00,0.06,0.0,18.2,18.62,0.0
2026-08-25T20:45:00+00:00,0.05,0.0,21.18,20.36,0.0
2026-08-25T21:00:00+00:00,0.04,0.45,19.84,20.05,0.0
2026-08-25T21:15:00+00:00,0.04,0.98,19.55,20.64,0.0
2026-08-25T21:30:00+00:00,1.01,0.26,20.37,19.98,0.0
2026-08-25T21:45:00+00:00,0.83,1.31,19.06,20.11,0.0
2026-08-25T22:00:00+00:00,0.68,1.06,18.9,18.62,0.0
2026-08-25T22:15:00+00:00,0.56,1.09,19.44,20.2,0.0
2026-08-25T22:30:00+00:00,0.46,0.86,18.84,18.8,0.0
2026-08-25T22:45:00+00:00,0.37,1.14,17.2,16.48,0.0
2026-08-25T23:00:00+00:00,0.31,0.25,17.77,17.59,0.0
2026-08-25T23:15:00+00:00,0.25,0.19,16.4,16.1,0.0
2026-08-25T23:30:00+00:00,0.21,0.0,16.33,16.93,0.0
2026-08-25T23:45:00+00:00,0.17,0.0,16.96,17.71,0.0
2026-08-26T00:00:00+00:00,0.14,0.6,16.42,16.81,0.0
2026-08-26T00:15:00+00:00,0.11,1.12,16.71,16.39,0.0
2026-08-26T00:30:00+00:00,0.09,1.12,16.31,17.46,0.0
2026-08-26T00:45:00+00:00,0.08,0.19,14.56,14.53,0.0
2026-08-26T01:00:00+00:00,0.06,0.18,13.64,14.52,0.0
2026-08-26T01:15:00+00:00,0.05,0.0,14.5,13.75,0.0
2026-08-26T01:30:00+00:00,0.04,0.0,12.93,13.76,0.0
2026-08-26T01:45:00+00:00,0.03,0.0,12.78,12.72,0.0
2026-08-26T02:00:00+00:00,0.03,0.29,13.44,13.71,0.0
2026-08-26T02:15:00+00:00,0.02,0.61,12.96,13.01,0.0
2026-08-26T02:30:00+00:00,0.02,0.0,13.26,12.54,0.0
2026-08-26T02:45:00+00:00,0.02,0.0,13.51,14.02,0.0
2026-08-26T03:00:00+00:00,0.01,0.55,11.42,11.2,0.0
2026-08-26T03:15:00+00:00,0.01,0.0,10.67,10.78,0.0
2026-08-26T03:30:00+00:00,0.01,0.09,10.81,10.89,0.0
2026-08-26T03:45:00+00:00,0.01,0.25,10.1,10.27,0.0
2026-08-26T04:00:00+00:00,0.01,0.0,10.35,10.12,0.0
2026-08-26T04:15:00+00:00,0.0,0.0,10.07,9.63,0.0
2026-08-26T04:30:00+00:00,0.0,0.0,11.36,11.57,0.0
2026-08-26T04:45:00+00:00,0.0,0.08,8.6,8.28,0.0
2026-08-26T05:00:00+00:00,0.0,0.22,8.57,8.63,0.0
2026-08-26T05:15:00+00:00,0.0,0.0,8.8,8.43,0.0
2026-08-26T05:30:00+00:00,0.0,0.0,10.04,9.27,0.0
2026-08-26T05:45:00+00:00,0.0,0.88,8.94,8.7,0.0
2026-08-26T06:00:00+00:00,0.0,0.0,8.84,9.99,0.0
2026-08-26T06:15:00+00:00,0.0,0.0,8.57,9.87,0.0
2026-08-26T06:30:00+00:00,0.0,0.73,9.22,8.41,0.0
2026-08-26T06:45:00+00:00,0.0,0.0,7.94,9.36,0.0
2026-08-26T07:00:00+00:00,0.0,1.65,8.63,9.92,0.0
2026-08-26T07:15:00+00:00,0.0,0.0,8.37,7.62,0.0
2026-08-26T07:30:00+00:00,0.0,0.0,7.96,8.15,0.0
2026-08-26T07:45:00+00:00,0.0,0.39,9.62,10.63,0.0
2026-08-26T08:00:00+00:00,0.0,0.33,8.86,9.14,0.0
2026-08-26T08:15:00+00:00,0.0,0.01,9.19,7.15,0.0
2026-08-26T08:30:00+00:00,0.0,0.0,8.22,8.12,0.0
2026-08-26T08:45:00+00:00,0.0,0.0,9.53,9.59,0.0
2026-08-26T09:00:00+00:00,0.0,0.11,9.05,9.46,0.0
2026-08-26T09:15:00+00:00,0.0,0.0,9.62,9.26,0.0
2026-08-26T09:30:00+00:00,0.0,0.27,8.96,7.26,0.0
2026-08-26T09:45:00+00:00,0.05,0.35,10.44,10.87,0.0
2026-08-26T10:00:00+00:00,0.04,0.0,10.35,9.68,0.0
2026-08-26T10:15:00+00:00,0.03,0.34,10.27,10.81,0.0
2026-08-26T10:30:00+00:00,0.03,0.0,10.85,11.43,0.0
2026-08-26T10:45:00+00:00,0.02,0.54,11.11,10.37,0.0
2026-08-26T11:00:00+00:00,0.39,0.0,11.84,13.22,0.0
2026-08-26T11:15:00+00:00,0.32,0.5,11.12,12.23,0.0
2026-08-26T11:30:00+00:00,0.26,0.91,11.42,10.35,0.0
2026-08-26T11:45:00+00:00,0.22,0.79,12.08,13.71,0.0
2026-08-26T12:00:00+00:00,0.18,1.36,12.51,11.75,0.0
2026-08-26T12:15:00+00:00,0.14,0.77,13.43,13.8,0.0
2026-08-26T12:30:00+00:00,0.12,0.0,13.27,12.36,0.0
2026-08-26T12:45:00+00:00,0.1,0.44,13.8,14.14,0.0
2026-08-26T13:00:00+00:00,0.08,1.06,14.88,15.72,0.0
2026-08-26T13:15:00+00:00,0.07,0.15,14.66,13.2,0.0
2026-08-26T13:30:00+00:00,0.05,0.0,15.65,15.9,0.0
2026-08-26T13:45:00+00:00,0.04,0.04,14.18,13.91,0.0
2026-08-26T14:00:00+00:00,0.04,1.27,15.74,15.63,0.0
2026-08-26T14:15:00+00:00,0.03,0.15,15.09,13.85,0.0
2026-08-26T14:30:00+00:00,0.02,0.0,17.17,17.89,0.0
2026-08-26T14:45:00+00:00,0.02,0.03,17.54,17.68,0.0
2026-08-26T15:00:00+00:00,0.02,0.0,16.06,15.7,0.0
2026-08-26T15:15:00+00:00,0.01,0.37,17.66,17.45,0.0
2026-08-26T15:30:00+00:00,0.01,0.0,16.88,17.22,0.0
2026-08-26T15:45:00+00:00,0.01,0.42,18.71,17.93,0.0
2026-08-26T16:00:00+00:00,0.01,0.36,20.04,21.1,0.001
2026-08-26T16:15:00+00:00,0.01,0.0,19.34,19.49,0.001
2026-08-26T16:30:00+00:00,0.0,0.01,18.31,19.15,0.001
2026-08-26T16:45:00+00:00,0.0,0.54,19.65,19.55,0.002
2026-08-26T17:00:00+00:00,0.0,0.35,19.2,18.46,0.003
2026-08-26T17:15:00+00:00,0.0,0.22,20.53,19.59,0.004
2026-08-26T17:30:00+00:00,0.0,0.0,19.56,20.44,0.006
2026-08-26T17:45:00+00:00,0.0,0.66,19.93,19.45,0.008
2026-08-26T18:00:00+00:00,0.0,0.0,20.53,20.42,0.011
2026-08-26T18:15:00+00:00,0.0,0.0,20.17,19.55,0.015
2026-08-26T18:30:00+00:00,0.0,0.11,20.82,21.29,0.021
2026-08-26T18:45:00+00:00,0.0,0.11,21.79,20.3,0.029
2026-08-26T19:00:00+00:00,0.0,0.24,19.61,18.63,0.038
2026-08-26T19:15:00+00:00,0.0,1.32,20.74,20.99,0.05
2026-08-26T19:30:00+00:00,0.0,0.06,19.73,19.89,0.066
2026-08-26T19:45:00+00:00,0.0,0.0,19.86,19.52,0.085
2026-08-26T20:00:00+00:00,0.0,0.61,18.94,17.87,0.108
2026-08-26T20:15:00+00:00,0.0,0.45,18.22,19.05,0.135
2026-08-26T20:30:00+00:00,0.0,0.03,21.12,22.1,0.168
2026-08-26T20:45:00+00:00,0.0,0.48,20.11,20.81,0.206
2026-08-26T21:00:00+00:00,0.0,0.0,20.46,20.46,0.249
2026-08-26T21:15:00+00:00,0.0,0.0,20.49,21.24,0.298
2026-08-26T21:30:00+00:00,0.0,0.0,19.36,19.12,0.352
2026-08-26T21:45:00+00:00,0.0,0.0,19.79,20.49,0.411
2026-08-26T22:00:00+00:00,0.0,0.05,19.33,19.85,0.474
2026-08-26T22:15:00+00:00,0.0,0.5,18.0,17.42,0.539
2026-08-26T22:30:00+00:00,0.0,0.43,18.67,18.2,0.607
2026-08-26T22:45:00+00:00,0.0,0.12,17.22,17.08,0.674
2026-08-26T23:00:00+00:00,0.0,0.0,18.4,18.2,0.739
2026-08-26T23:15:00+00:00,0.0,0.0,17.23,18.92,0.801
2026-08-26T23:30:00+00:00,0.0,0.0,17.17,15.62,0.857
2026-08-26T23:45:00+00:00,0.0,0.0,15.81,15.38,0.906
2026-08-27T00:00:00+00:00,0.0,0.0,16.36,17.01,0.946
2026-08-27T00:15:00+00:00,0.0,0.34,14.99,15.52,0.976
2026-08-27T00:30:00+00:00,0.0,0.0,14.87,15.25,0.994
2026-08-27T00:45:00+00:00,0.0,0.6,15.1,15.2,1.0
2026-08-27T01:00:00+00:00,0.0,0.14,13.97,13.09,0.994
2026-08-27T01:15:00+00:00,0.0,0.25,14.07,15.42,0.976
2026-08-27T01:30:00+00:00,0.0,0.0,14.2,13.06,0.946
2026-08-27T01:45:00+00:00,0.0,0.0,14.44,14.6,0.906
2026-08-27T02:00:00+00:00,0.0,0.11,13.86,14.26,0.857
2026-08-27T02:15:00+00:00,0.0,0.0,13.97,14.11,0.801
2026-08-27T02:30:00+00:00,0.0,0.0,11.69,12.72,0.739
2026-08-27T02:45:00+00:00,0.0,0.0,11.44,12.41,0.674
2026-08-27T03:00:00+00:00,0.0,0.05,11.64,13.27,0.607
2026-08-27T03:15:00+00:00,0.0,0.0,10.38,10.98,0.539
2026-08-27T03:30:00+00:00,0.0,0.0,8.13,8.97,0.474
2026-08-27T03:45:00+00:00,0.0,0.0,10.55,9.38,0.411
2026-08-27T04:00:00+00:00,0.0,0.71,10.4,11.14,0.352
2026-08-27T04:15:00+00:00,0.0,0.0,10.52,11.07,0.298
2026-08-27T04:30:00+00:00,0.0,0.0,11.07,11.25,0.249
2026-08-27T04:45:00+00:00,0.0,0.0,9.7,11.46,0.206
2026-08-27T05:00:00+00:00,0.0,0.0,9.7,8.34,0.168
2026-08-27T05:15:00+00:00,0.0,0.62,10.06,9.57,0.135
2026-08-27T05:30:00+00:00,0.0,0.36,9.53,9.66,0.108
2026-08-27T05:45:00+00:00,0.0,0.53,9.24,10.22,0.085
2026-08-27T06:00:00+00:00,0.0,0.33,10.06,10.41,0.066
2026-08-27T06:15:00+00:00,0.0,0.59,9.3,10.01,0.05
2026-08-27T06:30:00+00:00,0.0,1.05,6.99,6.55,0.038
2026-08-27T06:45:00+00:00,0.0,0.0,9.3,10.45,0.029
2026-08-27T07:00:00+00:00,0.0,0.0,7.66,7.74,0.021
2026-08-27T07:15:00+00:00,0.0,0.0,8.16,8.11,0.015
2026-08-27T07:30:00+00:00,0.0,0.1,8.81,9.15,0.011
2026-08-27T07:45:00+00:00,0.0,0.5,8.84,8.45,0.008
2026-08-27T08:00:00+00:00,0.0,0.7,8.93,8.75,0.006
2026-08-27T08:15:00+00:00,0.0,0.05,8.55,8.71,0.004
2026-08-27T08:30:00+00:00,0.0,0.2,9.68,9.57,0.003
2026-08-27T08:45:00+00:00,0.0,0.0,7.9,7.53,0.002
2026-08-27T09:00:00+00:00,0.0,0.39,8.65,7.69,0.001
2026-08-27T09:15:00+00:00,0.0,0.44,9.33,9.34,0.001
2026-08-27T09:30:00+00:00,0.0,0.29,10.34,10.45,0.001
2026-08-27T09:45:00+00:00,0.0,0.0,10.97,11.52,0.0
2026-08-27T10:00:00+00:00,0.0,0.0,10.44,11.58,0.0
2026-08-27T10:15:00+00:00,0.0,0.0,10.6,10.45,0.0
2026-08-27T10:30:00+00:00,0.0,0.41,11.3,10.1,0.0
2026-08-27T10:45:00+00:00,0.0,0.0,10.71,11.11,0.0
2026-08-27T11:00:00+00:00,0.0,0.0,10.26,10.86,0.0
2026-08-27T11:15:00+00:00,0.0,0.0,11.66,11.71,0.0
2026-08-27T11:30:00+00:00,0.0,0.0,11.75,12.96,0.0
2026-08-27T11:45:00+00:00,0.0,0.0,12.73,12.61,0.0
2026-08-27T12:00:00+00:00,0.0,0.0,11.53,11.73,0.0
2026-08-27T12:15:00+00:00,0.0,0.3,14.52,14.8,0.0
2026-08-27T12:30:00+00:00,0.0,0.62,13.96,14.63,0.0
2026-08-27T12:45:00+00:00,0.0,0.26,13.74,13.49,0.0
2026-08-27T13:00:00+00:00,0.0,0.04,13.9,12.91,0.0
2026-08-27T13:15:00+00:00,1.25,1.51,15.94,16.45,0.0
2026-08-27T13:30:00+00:00,1.03,1.15,14.75,13.84,0.0
2026-08-27T13:45:00+00:00,0.84,1.01,15.88,16.02,0.0
2026-08-27T14:00:00+00:00,0.69,0.93,17.43,17.21,0.0
2026-08-27T14:15:00+00:00,0.57,0.0,16.84,16.79,0.0
2026-08-27T14:30:00+00:00,2.49,1.98,17.97,18.94,0.0
2026-08-27T14:45:00+00:00,2.04,1.88,18.89,20.05,0.0
2026-08-27T15:00:00+00:00,1.68,1.34,16.93,17.17,0.0
2026-08-27T15:15:00+00:00,1.38,1.51,18.62,19.68,0.0
2026-08-27T15:30:00+00:00,1.13,0.21,17.72,17.89,0.0
2026-08-27T15:45:00+00:00,0.92,1.76,17.69,17.78,0.0
2026-08-27T16:00:00+00:00,0.76,0.65,17.64,17.47,0.0
2026-08-27T16:15:00+00:00,0.62,0.01,17.26,17.75,0.0
2026-08-27T16:30:00+00:00,0.51,0.65,18.31,17.74,0.0
2026-08-27T16:45:00+00:00,0.42,0.16,19.77,20.04,0.0
2026-08-27T17:00:00+00:00,0.34,0.5,19.66,19.4,0.0
2026-08-27T17:15:00+00:00,7.72,7.46,20.45,19.95,0.0
2026-08-27T17:30:00+00:00,6.33,6.39,19.71,20.03,0.0
2026-08-27T17:45:00+00:00,5.19,4.67,20.64,21.76,0.0
2026-08-27T18:00:00+00:00,4.26,4.5,19.84,20.06,0.0
2026-08-27T18:15:00+00:00,3.49,3.93,18.83,19.63,0.0
2026-08-27T18:30:00+00:00,2.86,2.42,20.55,20.4,0.0
2026-08-27T18:45:00+00:00,2.35,2.89,18.08,19.08,0.0
2026-08-27T19:00:00+00:00,1.93,3.41,20.1,20.61,0.0
2026-08-27T19:15:00+00:00,1.58,1.08,21.23,22.25,0.0
2026-08-27T19:30:00+00:00,1.29,1.65,19.76,20.13,0.0
2026-08-27T19:45:00+00:00,1.06,1.5,18.86,18.13,0.0
2026-08-27T20:00:00+00:00,0.87,0.81,18.9,17.77,0.0
2026-08-27T20:15:00+00:00,0.71,0.0,20.5,21.11,0.0
2026-08-27T20:30:00+00:00,0.59,0.53,19.41,20.35,0.0
2026-08-27T20:45:00+00:00,0.97,1.64,21.03,21.0,0.0
2026-08-27T21:00:00+00:00,0.8,0.49,19.71,19.49,0.0
2026-08-27T21:15:00+00:00,0.65,0.73,19.78,20.56,0.0
2026-08-27T21:30:00+00:00,0.54,0.34,20.01,18.72,0.0
2026-08-27T21:45:00+00:00,0.52,0.0,18.84,19.17,0.0
2026-08-27T22:00:00+00:00,0.43,1.49,19.78,21.65,0.0
2026-08-27T22:15:00+00:00,0.35,1.22,17.45,17.78,0.0
2026-08-27T22:30:00+00:00,0.29,0.46,18.33,18.47,0.0
2026-08-27T22:45:00+00:00,0.24,0.0,18.13,19.03,0.0
2026-08-27T23:00:00+00:00,0.19,0.25,17.02,17.52,0.0
2026-08-27T23:15:00+00:00,0.16,0.0,18.45,17.34,0.0
2026-08-27T23:30:00+00:00,0.13,0.28,16.63,16.52,0.0
2026-08-27T23:45:00+00:00,0.11,0.4,15.9,15.0,0.0
2026-08-28T00:00:00+00:00,0.09,0.0,16.25,16.49,0.0
2026-08-28T00:15:00+00:00,0.07,0.0,15.91,15.59,0.0
2026-08-28T00:30:00+00:00,0.06,0.45,16.27,16.18,0.0
2026-08-28T00:45:00+00:00,0.05,0.0,15.03,15.03,0.0
2026-08-28T01:00:00+00:00,0.04,0.0,14.72,14.83,0.0
2026-08-28T01:15:00+00:00,0.03,0.2,13.64,13.38,0.0
2026-08-28T01:30:00+00:00,0.03,0.25,13.95,13.69,0.0
2026-08-28T01:45:00+00:00,0.02,0.0,12.9,11.38,0.0
2026-08-28T02:00:00+00:00,0.02,0.0,11.89,10.56,0.0
2026-08-28T02:15:00+00:00,0.01,0.0,13.35,12.71,0.0
2026-08-28T02:30:00+00:00,0.01,0.0,12.54,12.65,0.0
2026-08-28T02:45:00+00:00,0.01,0.71,11.16,10.77,0.0
2026-08-28T03:00:00+00:00,0.01,0.49,11.1,11.77,0.0
2026-08-28T03:15:00+00:00,0.01,0.0,11.95,11.32,0.0
2026-08-28T03:30:00+00:00,0.01,0.0,10.83,11.14,0.0
2026-08-28T03:45:00+00:00,0.0,0.34,10.02,10.09,0.0
2026-08-28T04:00:00+00:00,0.0,0.36,11.55,11.16,0.0
2026-08-28T04:15:00+00:00,0.0,0.04,10.47,10.11,0.0
2026-08-28T04:30:00+00:00,0.0,0.0,10.14,10.45,0.0
2026-08-28T04:45:00+00:00,0.0,0.0,9.26,9.8,0.0
2026-08-28T05:00:00+00:00,0.0,0.0,9.72,9.99,0.0
2026-08-28T05:15:00+00:00,0.0,0.02,9.19,7.92,0.0
2026-08-28T05:30:00+00:00,0.0,0.0,8.33,8.45,0.0
2026-08-28T05:45:00+00:00,0.0,0.0,9.68,10.7,0.0
2026-08-28T06:00:00+00:00,0.0,0.25,8.82,8.93,0.0
2026-08-28T06:15:00+00:00,0.0,0.0,7.93,7.85,0.0
2026-08-28T06:30:00+00:00,0.0,0.0,9.25,9.99,0.0
2026-08-28T06:45:00+00:00,0.0,0.0,9.16,8.62,0.0
2026-08-28T07:00:00+00:00,0.0,0.46,8.15,7.61,0.0
2026-08-28T07:15:00+00:00,0.0,0.0,8.69,8.75,0.0
2026-08-28T07:30:00+00:00,0.0,0.0,8.57,8.13,0.0
2026-08-28T07:45:00+00:00,1.19,0.92,8.44,8.9,0.0
2026-08-28T08:00:00+00:00,1.63,1.65,9.42,8.84,0.0
2026-08-28T08:15:00+00:00,1.34,2.18,9.56,7.81,0.0
2026-08-28T08:30:00+00:00,1.1,1.12,9.78,9.84,0.0
2026-08-28T08:45:00+00:00,0.9,1.27,10.03,10.07,0.0
2026-08-28T09:00:00+00:00,0.74,1.01,9.23,8.56,0.0
2026-08-28T09:15:00+00:00,0.6,0.0,9.91,9.27,0.0
2026-08-28T09:30:00+00:00,0.5,0.78,10.1,10.14,0.0
2026-08-28T09:45:00+00:00,0.41,0.29,9.45,8.59,0.0
2026-08-28T10:00:00+00:00,0.33,1.63,11.36,11.97,0.0
2026-08-28T10:15:00+00:00,0.27,0.0,10.67,9.96,0.0
2026-08-28T10:30:00+00:00,0.22,0.73,10.97,10.58,0.0
2026-08-28T10:45:00+00:00,0.18,0.44,11.53,12.11,0.0
2026-08-28T11:00:00+00:00,0.15,0.16,10.07,9.39,0.0
2026-08-28T11:15:00+00:00,0.12,0.37,12.53,11.44,0.0
2026-08-28T11:30:00+00:00,0.1,0.16,12.52,12.33,0.0
2026-08-28T11:45:00+00:00,0.08,0.13,13.29,13.54,0.0
2026-08-28T12:00:00+00:00,0.07,0.0,11.9,11.16,0.0
2026-08-28T12:15:00+00:00,0.06,0.23,12.9,12.37,0.0
2026-08-28T12:30:00+00:00,0.05,0.0,13.8,14.89,0.0
2026-08-28T12:45:00+00:00,0.04,0.5,14.04,14.08,0.0
2026-08-28T13:00:00+00:00,0.03,0.0,14.64,14.23,0.0
2026-08-28T13:15:00+00:00,0.03,0.0,15.6,15.85,0.0
2026-08-28T13:30:00+00:00,0.02,0.36,16.13,15.35,0.0
2026-08-28T13:45:00+00:00,0.02,0.06,16.78,16.34,0.0
2026-08-28T14:00:00+00:00,0.01,0.0,14.65,14.19,0.0
2026-08-28T14:15:00+00:00,0.97,0.82,15.37,14.98,0.0
2026-08-28T14:30:00+00:00,0.8,1.07,15.78,15.78,0.0
2026-08-28T14:45:00+00:00,0.66,0.25,17.17,15.68,0.0
2026-08-28T15:00:00+00:00,0.54,1.24,16.89,17.53,0.0
2026-08-28T15:15:00+00:00,0.44,0.9,18.79,17.81,0.0
2026-08-28T15:30:00+00:00,0.36,0.12,17.86,18.89,0.0
2026-08-28T15:45:00+00:00,0.3,0.35,17.91,18.4,0.0
2026-08-28T16:00:00+00:00,0.24,0.0,17.63,18.93,0.0
2026-08-28T16:15:00+00:00,0.2,0.0,19.6,19.68,0.0
2026-08-28T16:30:00+00:00,0.16,0.11,18.64,19.31,0.0
2026-08-28T16:45:00+00:00,0.28,0.0,19.78,20.35,0.0
2026-08-28T17:00:00+00:00,0.23,0.0,19.75,19.4,0.0
2026-08-28T17:15:00+00:00,0.19,0.0,20.56,20.2,0.0
2026-08-28T17:30:00+00:00,0.15,0.13,19.1,19.28,0.0
2026-08-28T17:45:00+00:00,0.12,0.21,20.8,20.78,0.0
2026-08-28T18:00:00+00:00,0.1,0.64,19.23,18.92,0.0
2026-08-28T18:15:00+00:00,0.08,0.0,20.74,20.34,0.0
2026-08-28T18:30:00+00:00,0.07,0.0,20.03,20.52,0.0
2026-08-28T18:45:00+00:00,0.06,0.0,22.11,21.33,0.0
2026-08-28T19:00:00+00:00,0.05,0.23,20.92,20.81,0.0
2026-08-28T19:15:00+00:00,1.62,1.9,19.31,18.52,0.0
2026-08-28T19:30:00+00:00,1.33,1.45,20.31,20.16,0.0
2026-08-28T19:45:00+00:00,1.09,2.1,20.13,20.19,0.0
2026-08-28T20:00:00+00:00,0.9,1.15,21.3,22.03,0.0
2026-08-28T20:15:00+00:00,0.73,1.3,19.9,19.83,0.0
2026-08-28T20:30:00+00:00,0.85,0.86,19.68,18.53,0.0
2026-08-28T20:45:00+00:00,0.7,1.36,19.54,19.61,0.0
2026-08-28T21:00:00+00:00,0.57,0.92,20.74,21.49,0.0
2026-08-28T21:15:00+00:00,0.47,0.94,19.34,18.71,0.0
2026-08-28T21:30:00+00:00,0.38,0.0,19.83,18.2,0.0
2026-08-28T21:45:00+00:00,0.32,0.27,18.79,20.51,0.0
2026-08-28T22:00:00+00:00,0.26,0.0,18.41,18.27,0.0
2026-08-28T22:15:00+00:00,0.37,0.0,17.67,18.23,0.0
2026-08-28T22:30:00+00:00,0.3,0.16,18.66,19.84,0.0
2026-08-28T22:45:00+00:00,0.25,0.61,18.05,16.68,0.0
2026-08-28T23:00:00+00:00,0.2,0.48,16.18,16.14,0.0
2026-08-28T23:15:00+00:00,0.17,0.58,17.13,17.1,0.0
2026-08-28T23:30:00+00:00,0.14,0.0,16.15,15.6,0.0
2026-08-28T23:45:00+00:00,0.11,0.3,15.98,16.33,0.0
2026-08-29T00:00:00+00:00,0.09,0.14,15.56,15.7,0.0
2026-08-29T00:15:00+00:00,0.08,0.13,16.05,16.74,0.0
2026-08-29T00:30:00+00:00,0.06,0.32,14.62,13.67,0.0
2026-08-29T00:45:00+00:00,0.05,0.0,16.01,16.21,0.0
2026-08-29T01:00:00+00:00,0.04,0.3,15.26,15.33,0.0
2026-08-29T01:15:00+00:00,0.03,0.0,13.54,13.75,0.0
2026-08-29T01:30:00+00:00,0.03,0.0,13.64,13.35,0.0
2026-08-29T01:45:00+00:00,0.02,0.08,13.27,13.93,0.0
2026-08-29T02:00:00+00:00,0.02,0.72,14.1,14.78,0.0
2026-08-29T02:15:00+00:00,0.02,0.0,12.14,11.91,0.0
2026-08-29T02:30:00+00:00,0.01,0.04,12.24,11.22,0.0
2026-08-29T02:45:00+00:00,0.01,0.0,12.89,13.68,0.0
2026-08-29T03:00:00+00:00,0.01,0.27,13.13,13.51,0.0
2026-08-29T03:15:00+00:00,0.01,0.0,11.53,12.3,0.0
2026-08-29T03:30:00+00:00,0.01,0.0,10.8,11.48,0.0
2026-08-29T03:45:00+00:00,0.0,0.51,10.81,10.37,0.0
2026-08-29T04:00:00+00:00,0.0,0.38,10.57,10.8,0.0
2026-08-29T04:15:00+00:00,0.0,0.0,11.29,11.61,0.0
2026-08-29T04:30:00+00:00,0.0,0.0,9.56,9.5,0.0
2026-08-29T04:45:00+00:00,0.0,0.0,9.13,9.05,0.0
2026-08-29T05:00:00+00:00,0.0,0.86,9.55,7.33,0.0
2026-08-29T05:15:00+00:00,0.0,0.0,9.55,9.46,0.0
2026-08-29T05:30:00+00:00,0.0,0.0,8.77,9.12,0.0
2026-08-29T05:45:00+00:00,0.0,0.77,8.7,8.68,0.0
2026-08-29T06:00:00+00:00,0.0,0.0,9.04,9.04,0.0
2026-08-29T06:15:00+00:00,0.0,0.05,8.87,9.98,0.0
2026-08-29T06:30:00+00:00,0.0,0.03,6.75,8.47,0.0
2026-08-29T06:45:00+00:00,0.18,0.4,8.97,9.69,0.0
2026-08-29T07:00:00+00:00,0.15,0.0,8.56,8.66,0.0
2026-08-29T07:15:00+00:00,0.12,0.02,9.04,9.75,0.0
2026-08-29T07:30:00+00:00,0.1,0.0,10.12,11.16,0.0
2026-08-29T07:45:00+00:00,0.08,0.41,7.6,8.26,0.0
2026-08-29T08:00:00+00:00,0.07,0.19,9.01,9.65,0.0
2026-08-29T08:15:00+00:00,0.05,0.29,7.79,7.36,0.0
2026-08-29T08:30:00+00:00,0.04,0.1,9.95,10.48,0.0
2026-08-29T08:45:00+00:00,0.04,0.35,9.12,9.33,0.0
2026-08-29T09:00:00+00:00,0.03,0.0,8.96,9.19,0.0
2026-08-29T09:15:00+00:00,0.02,0.28,9.08,9.55,0.0
2026-08-29T09:30:00+00:00,0.02,0.0,9.62,9.39,0.0
2026-08-29T09:45:00+00:00,0.02,0.0,9.36,10.43,0.0
2026-08-29T10:00:00+00:00,0.01,0.0,11.73,10.38,0.0
2026-08-29T10:15:00+00:00,0.01,0.41,10.83,10.93,0.0
2026-08-29T10:30:00+00:00,0.01,0.0,11.26,10.98,0.0
2026-08-29T10:45:00+00:00,0.01,0.3,10.96,11.79,0.0
2026-08-29T11:00:00+00:00,0.01,0.0,11.38,11.2,0.0
2026-08-29T11:15:00+00:00,0.0,0.0,13.42,13.93,0.0
2026-08-29T11:30:00+00:00,0.0,0.15,12.08,11.96,0.0
2026-08-29T11:45:00+00:00,0.43,0.17,12.49,12.54,0.0
2026-08-29T12:00:00+00:00,0.35,0.0,13.22,13.8,0.0
2026-08-29T12:15:00+00:00,0.29,0.72,12.95,13.37,0.0
2026-08-29T12:30:00+00:00,0.24,0.0,14.53,15.35,0.0
2026-08-29T12:45:00+00:00,1.65,2.29,14.87,15.09,0.0
2026-08-29T13:00:00+00:00,1.35,1.12,13.32,13.05,0.0
2026-08-29T13:15:00+00:00,1.11,1.28,14.75,13.93,0.0
2026-08-29T13:30:00+00:00,0.91,0.65,15.03,15.53,0.0
2026-08-29T13:45:00+00:00,0.75,1.73,17.15,18.59,0.0
2026-08-29T14:00:00+00:00,0.61,0.26,15.92,16.42,0.0
2026-08-29T14:15:00+00:00,0.5,1.04,16.63,18.02,0.0
2026-08-29T14:30:00+00:00,0.41,0.14,16.79,16.38,0.0
2026-08-29T14:45:00+00:00,0.34,0.24,17.66,17.49,0.0
2026-08-29T15:00:00+00:00,0.28,0.0,16.88,17.6,0.0
2026-08-29T15:15:00+00:00,0.23,0.39,17.6,17.5,0.0
2026-08-29T15:30:00+00:00,0.19,1.13,18.09,17.6,0.0
2026-08-29T15:45:00+00:00,0.15,1.19,18.18,17.52,0.0
2026-08-29T16:00:00+00:00,0.13,0.57,19.68,19.32,0.0
2026-08-29T16:15:00+00:00,0.1,0.63,19.1,18.44,0.0
2026-08-29T16:30:00+00:00,0.55,0.75,18.92,20.57,0.0
2026-08-29T16:45:00+00:00,0.45,0.87,19.74,20.04,0.0
2026-08-29T17:00:00+00:00,0.37,0.58,19.67,18.7,0.0
2026-08-29T17:15:00+00:00,0.3,0.0,20.34,19.49,0.0
2026-08-29T17:30:00+00:00,0.25,0.54,19.88,20.19,0.0
2026-08-29T17:45:00+00:00,0.2,0.0,20.99,21.53,0.0
2026-08-29T18:00:00+00:00,0.17,0.38,19.8,20.45,0.0
2026-08-29T18:15:00+00:00,0.14,0.4,19.01,19.93,0.0
2026-08-29T18:30:00+00:00,0.11,0.31,19.46,19.85,0.0
2026-08-29T18:45:00+00:00,0.09,0.0,20.4,20.49,0.0
2026-08-29T19:00:00+00:00,1.34,1.5,20.08,19.1,0.0
2026-08-29T19:15:00+00:00,1.1,0.41,20.87,20.61,0.0
2026-08-29T19:30:00+00:00,0.9,1.25,20.36,20.87,0.0
2026-08-29T19:45:00+00:00,0.74,0.78,20.09,20.63,0.0
2026-08-29T20:00:00+00:00,0.6,1.39,20.2,19.83,0.0
2026-08-29T20:15:00+00:00,0.5,0.63,19.8,19.92,0.0
2026-08-29T20:30:00+00:00,0.41,0.27,19.56,19.67,0.0
2026-08-29T20:45:00+00:00,0.33,0.64,19.9,20.83,0.0
2026-08-29T21:00:00+00:00,0.27,0.0,19.96,19.54,0.0
2026-08-29T21:15:00+00:00,0.22,1.01,19.28,19.8,0.0
2026-08-29T21:30:00+00:00,0.18,0.0,19.06,18.6,0.0
2026-08-29T21:45:00+00:00,0.15,0.0,19.08,19.0,0.0
2026-08-29T22:00:00+00:00,0.12,0.47,18.72,18.4,0.0
2026-08-29T22:15:00+00:00,0.1,0.47,18.98,19.53,0.0
2026-08-29T22:30:00+00:00,0.08,0.0,19.64,19.22,0.0
2026-08-29T22:45:00+00:00,0.07,0.0,15.74,16.92,0.0
2026-08-29T23:00:00+00:00,0.06,0.0,17.89,17.06,0.0
2026-08-29T23:15:00+00:00,0.05,0.0,17.0,16.86,0.0
2026-08-29T23:30:00+00:00,0.04,0.51,16.28,15.62,0.0
2026-08-29T23:45:00+00:00,0.03,0.0,16.92,16.99,0.0
2026-08-30T00:00:00+00:00,0.03,0.0,15.41,15.15,0.0
2026-08-30T00:15:00+00:00,0.02,0.0,15.51,15.98,0.0
2026-08-30T00:30:00+00:00,0.02,0.0,14.47,14.81,0.0
2026-08-30T00:45:00+00:00,0.01,0.0,14.57,14.24,0.0
2026-08-30T01:00:00+00:00,0.01,0.26,15.74,16.49,0.0
2026-08-30T01:15:00+00:00,1.49,1.44,14.31,13.87,0.0
2026-08-30T01:30:00+00:00,1.22,1.36,14.34,13.93,0.0
2026-08-30T01:45:00+00:00,1.09,0.74,13.46,12.98,0.0
2026-08-30T02:00:00+00:00,0.89,0.27,13.16,12.01,0.0
2026-08-30T02:15:00+00:00,0.73,0.19,13.72,13.15,0.0
2026-08-30T02:30:00+00:00,0.6,1.05,12.44,11.45,0.0
2026-08-30T02:45:00+00:00,0.49,0.22,11.2,12.4,0.0
2026-08-30T03:00:00+00:00,0.4,0.69,12.48,12.55,0.0
2026-08-30T03:15:00+00:00,0.33,0.0,10.94,10.6,0.0
2026-08-30T03:30:00+00:00,0.27,0.3,11.67,11.86,0.0
2026-08-30T03:45:00+00:00,0.22,0.4,11.33,11.42,0.0
2026-08-30T04:00:00+00:00,0.18,0.63,10.83,10.81,0.0
2026-08-30T04:15:00+00:00,0.15,0.89,9.72,10.3,0.0
2026-08-30T04:30:00+00:00,0.12,0.0,9.74,10.83,0.0
2026-08-30T04:45:00+00:00,0.1,0.47,9.8,9.2,0.0
2026-08-30T05:00:00+00:00,0.08,0.03,8.93,9.15,0.0
2026-08-30T05:15:00+00:00,0.07,0.14,8.35,7.1,0.0
2026-08-30T05:30:00+00:00,0.06,0.0,9.48,8.86,0.0
2026-08-30T05:45:00+00:00,0.05,0.0,9.69,9.45,0.0
2026-08-30T06:00:00+00:00,0.04,0.0,8.7,9.32,0.0
2026-08-30T06:15:00+00:00,0.03,0.73,8.93,9.17,0.0
2026-08-30T06:30:00+00:00,0.02,0.1,9.48,10.02,0.0
2026-08-30T06:45:00+00:00,0.02,0.13,8.89,8.78,0.0
2026-08-30T07:00:00+00:00,0.02,0.0,8.61,7.92,0.0
2026-08-30T07:15:00+00:00,0.01,0.51,7.48,7.29,0.0
2026-08-30T07:30:00+00:00,0.43,0.32,8.55,7.28,0.0
2026-08-30T07:45:00+00:00,0.35,0.29,7.22,7.51,0.0
2026-08-30T08:00:00+00:00,0.29,0.64,9.24,8.33,0.0
2026-08-30T08:15:00+00:00,0.24,0.72,8.95,9.16,0.0
2026-08-30T08:30:00+00:00,0.19,0.0,9.07,9.18,0.0
2026-08-30T08:45:00+00:00,0.16,0.36,8.96,8.4,0.0
2026-08-30T09:00:00+00:00,0.13,0.01,10.01,9.17,0.0
2026-08-30T09:15:00+00:00,0.11,0.07,10.42,10.36,0.0
2026-08-30T09:30:00+00:00,0.09,0.23,10.12,10.16,0.0
2026-08-30T09:45:00+00:00,0.07,0.41,9.74,10.23,0.0
2026-08-30T10:00:00+00:00,0.06,0.59,10.0,10.11,0.0
2026-08-30T10:15:00+00:00,0.05,0.29,10.2,9.68,0.0
2026-08-30T10:30:00+00:00,0.04,0.0,10.62,11.42,0.0
2026-08-30T10:45:00+00:00,0.03,0.0,11.43,12.14,0.0
2026-08-30T11:00:00+00:00,0.03,0.08,11.87,11.74,0.0
2026-08-30T11:15:00+00:00,0.02,0.0,12.38,12.45,0.0
2026-08-30T11:30:00+00:00,0.02,0.0,13.57,12.57,0.0
2026-08-30T11:45:00+00:00,0.01,0.31,12.75,12.45,0.0
2026-08-30T12:00:00+00:00,0.01,0.0,12.83,14.09,0.0
2026-08-30T12:15:00+00:00,0.01,0.0,12.54,11.55,0.0
2026-08-30T12:30:00+00:00,0.01,0.26,15.13,15.67,0.0
2026-08-30T12:45:00+00:00,0.01,0.0,14.68,13.48,0.0
2026-08-30T13:00:00+00:00,0.01,0.08,14.96,13.33,0.0
2026-08-30T13:15:00+00:00,0.0,0.0,15.01,14.59,0.0
2026-08-30T13:30:00+00:00,0.0,0.29,15.96,15.26,0.0
2026-08-30T13:45:00+00:00,0.0,0.0,15.49,16.41,0.0
2026-08-30T14:00:00+00:00,0.0,0.0,14.95,14.21,0.0
2026-08-30T14:15:00+00:00,0.0,0.0,16.82,16.88,0.0
2026-08-30T14:30:00+00:00,0.0,0.0,16.73,16.66,0.0
2026-08-30T14:45:00+00:00,0.0,0.0,16.34,16.5,0.0
2026-08-30T15:00:00+00:00,0.0,0.0,17.46,17.25,0.0
2026-08-30T15:15:00+00:00,0.0,0.46,17.84,18.59,0.0
2026-08-30T15:30:00+00:00,0.01,0.31,18.38,17.67,0.0
2026-08-30T15:45:00+00:00,0.01,0.64,17.99,18.53,0.0
2026-08-30T16:00:00+00:00,0.47,0.0,18.76,18.54,0.0
2026-08-30T16:15:00+00:00,0.39,1.16,19.9,20.5,0.0
2026-08-30T16:30:00+00:00,0.32,0.0,19.77,20.06,0.0
2026-08-30T16:45:00+00:00,0.26,0.53,19.13,19.27,0.0
2026-08-30T17:00:00+00:00,0.21,0.0,18.7,16.98,0.0
2026-08-30T17:15:00+00:00,0.17,0.77,19.89,18.0,0.0
2026-08-30T17:30:00+00:00,1.2,1.29,20.06,20.35,0.0
2026-08-30T17:45:00+00:00,0.99,1.05,19.87,19.6,0.0
2026-08-30T18:00:00+00:00,0.81,0.0,21.03,20.82,0.0
2026-08-30T18:15:00+00:00,0.66,0.18,20.06,18.92,0.0
2026-08-30T18:30:00+00:00,0.54,0.71,20.87,22.08,0.0
2026-08-30T18:45:00+00:00,0.45,0.91,21.14,20.93,0.0
2026-08-30T19:00:00+00:00,0.37,0.3,19.93,19.96,0.0
2026-08-30T19:15:00+00:00,0.3,0.18,21.6,22.34,0.0
2026-08-30T19:30:00+00:00,0.25,0.31,20.67,22.29,0.0
2026-08-30T19:45:00+00:00,0.2,0.0,21.24,21.72,0.0
2026-08-30T20:00:00+00:00,0.17,0.32,20.61,18.74,0.0
2026-08-30T20:15:00+00:00,0.14,0.51,19.48,18.34,0.0
2026-08-30T20:30:00+00:00,0.11,0.0,19.45,20.58,0.0
2026-08-30T20:45:00+00:00,0.09,0.0,20.75,21.03,0.0
2026-08-30T21:00:00+00:00,0.07,0.23,20.33,20.66,0.0
2026-08-30T21:15:00+00:00,0.06,0.0,18.36,18.85,0.0
2026-08-30T21:30:00+00:00,0.05,0.04,18.54,18.7,0.0
2026-08-30T21:45:00+00:00,0.04,0.0,18.74,17.34,0.0
2026-08-30T22:00:00+00:00,0.03,0.0,18.93,19.38,0.0
2026-08-30T22:15:00+00:00,0.03,0.0,17.52,18.1,0.0
2026-08-30T22:30:00+00:00,0.02,0.0,19.45,20.0,0.0
2026-08-30T22:45:00+00:00,0.02,1.02,17.98,17.29,0.0
2026-08-30T23:00:00+00:00,2.75,2.92,17.06,16.87,0.0
2026-08-30T23:15:00+00:00,3.78,4.31,16.95,17.25,0.0
2026-08-30T23:30:00+00:00,3.1,3.87,16.76,16.08,0.0
2026-08-30T23:45:00+00:00,2.54,2.43,16.36,14.92,0.0
2026-08-31T00:00:00+00:00,2.08,1.68,18.76,18.96,0.0
2026-08-31T00:15:00+00:00,1.71,2.14,16.23,16.96,0.0
2026-08-31T00:30:00+00:00,1.4,2.17,15.77,17.19,0.0
2026-08-31T00:45:00+00:00,1.15,0.86,14.97,15.9,0.0
2026-08-31T01:00:00+00:00,0.94,0.92,14.17,14.23,0.0
2026-08-31T01:15:00+00:00,0.77,0.69,13.99,14.61,0.0
2026-08-31T01:30:00+00:00,0.63,0.89,12.87,11.83,0.0
2026-08-31T01:45:00+00:00,0.52,0.08,12.01,12.49,0.0
2026-08-31T02:00:00+00:00,0.43,0.32,13.06,13.72,0.0
2026-08-31T02:15:00+00:00,0.97,0.52,11.9,11.05,0.0
2026-08-31T02:30:00+00:00,0.79,0.64,11.76,10.84,0.0
2026-08-31T02:45:00+00:00,0.65,0.67,12.11,12.13,0.0
2026-08-31T03:00:00+00:00,0.53,1.11,11.8,11.59,0.0
2026-08-31T03:15:00+00:00,0.44,0.0,10.5,10.98,0.0
2026-08-31T03:30:00+00:00,0.36,0.77,10.92,11.38,0.0
2026-08-31T03:45:00+00:00,0.29,0.54,10.72,9.58,0.0
2026-08-31T04:00:00+00:00,0.24,0.0,11.41,12.65,0.0
2026-08-31T04:15:00+00:00,0.2,0.41,10.26,11.36,0.0
2026-08-31T04:30:00+00:00,0.16,0.0,11.28,11.39,0.0
2026-08-31T04:45:00+00:00,0.13,0.07,10.01,10.81,0.0
2026-08-31T05:00:00+00:00,0.11,0.27,8.52,8.54,0.0
2026-08-31T05:15:00+00:00,0.09,0.0,8.51,8.34,0.0
2026-08-31T05:30:00+00:00,0.07,0.7,8.22,8.6,0.0
2026-08-31T05:45:00+00:00,0.06,0.0,7.97,6.64,0.0
2026-08-31T06:00:00+00:00,0.05,0.0,8.67,8.64,0.0
2026-08-31T06:15:00+00:00,0.04,0.56,8.22,7.6,0.0
2026-08-31T06:30:00+00:00,0.03,0.06,8.23,8.16,0.0
2026-08-31T06:45:00+00:00,0.03,0.0,8.92,8.61,0.0
2026-08-31T07:00:00+00:00,0.02,0.29,9.33,8.49,0.0
2026-08-31T07:15:00+00:00,0.02,0.1,8.22,8.06,0.0
2026-08-31T07:30:00+00:00,0.01,0.0,8.93,8.79,0.0
2026-08-31T07:45:00+00:00,0.01,0.49,9.43,9.58,0.0
2026-08-31T08:00:00+00:00,0.01,0.0,9.13,9.54,0.0
2026-08-31T08:15:00+00:00,0.45,0.65,9.45,9.15,0.0
2026-08-31T08:30:00+00:00,0.37,0.6,7.85,8.1,0.0
2026-08-31T08:45:00+00:00,0.31,0.65,9.97,10.18,0.0
2026-08-31T09:00:00+00:00,0.25,0.0,9.15,8.88,0.0
2026-08-31T09:15:00+00:00,0.21,0.71,10.18,10.03,0.0
2026-08-31T09:30:00+00:00,0.17,0.0,9.32,9.68,0.0
2026-08-31T09:45:00+00:00,0.14,0.0,10.79,11.23,0.0
2026-08-31T10:00:00+00:00,0.11,0.37,10.0,9.6,0.0
2026-08-31T10:15:00+00:00,0.09,1.19,10.5,11.11,0.0
2026-08-31T10:30:00+00:00,0.08,0.0,11.22,9.75,0.0
2026-08-31T10:45:00+00:00,0.06,0.38,12.19,11.91,0.0
2026-08-31T11:00:00+00:00,0.05,0.0,13.11,13.4,0.0
2026-08-31T11:15:00+00:00,0.04,0.33,11.8,12.38,0.0
2026-08-31T11:30:00+00:00,0.21,0.0,12.05,10.69,0.0
2026-08-31T11:45:00+00:00,0.17,0.64,13.3,12.28,0.0
2026-08-31T12:00:00+00:00,0.14,0.91,13.57,14.28,0.0
2026-08-31T12:15:00+00:00,0.11,0.0,14.59,15.01,0.0
2026-08-31T12:30:00+00:00,0.09,0.45,13.03,13.34,0.0
2026-08-31T12:45:00+00:00,0.08,0.0,14.48,14.68,0.0
2026-08-31T13:00:00+00:00,0.06,0.2,14.37,14.44,0.0
2026-08-31T13:15:00+00:00,0.05,0.0,14.47,14.51,0.0
2026-08-31T13:30:00+00:00,0.04,0.72,15.27,15.71,0.0
2026-08-31T13:45:00+00:00,0.03,0.43,15.72,15.86,0.0
2026-08-31T14:00:00+00:00,0.03,0.0,16.16,16.71,0.0
2026-08-31T14:15:00+00:00,0.02,0.0,18.13,17.7,0.0
2026-08-31T14:30:00+00:00,0.02,0.22,16.55,17.59,0.0
2026-08-31T14:45:00+00:00,0.02,0.0,17.04,17.48,0.0
2026-08-31T15:00:00+00:00,0.01,0.22,18.5,18.22,0.0
2026-08-31T15:15:00+00:00,0.01,0.0,16.06,13.85,0.0
2026-08-31T15:30:00+00:00,0.01,0.44,17.4,16.96,0.0
2026-08-31T15:45:00+00:00,0.01,0.0,18.91,17.21,0.0
2026-08-31T16:00:00+00:00,0.01,0.1,18.52,16.84,0.0
2026-08-31T16:15:00+00:00,0.0,0.28,19.62,19.46,0.0
2026-08-31T16:30:00+00:00,0.0,0.0,19.35,20.44,0.0
2026-08-31T16:45:00+00:00,0.0,0.0,19.32,18.8,0.0
2026-08-31T17:00:00+00:00,0.25,0.0,20.0,21.08,0.0
2026-08-31T17:15:00+00:00,0.2,0.0,20.84,20.41,0.0
2026-08-31T17:30:00+00:00,0.17,0.92,18.85,18.36,0.0
2026-08-31T17:45:00+00:00,0.14,0.63,19.8,19.96,0.0
2026-08-31T18:00:00+00:00,0.11,0.23,22.04,20.45,0.0
2026-08-31T18:15:00+00:00,0.09,0.71,19.54,20.49,0.0
2026-08-31T18:30:00+00:00,0.07,0.0,19.48,20.04,0.0
2026-08-31T18:45:00+00:00,0.06,0.2,19.99,19.71,0.0
2026-08-31T19:00:00+00:00,0.05,0.08,20.95,20.17,0.0
2026-08-31T19:15:00+00:00,0.04,0.0,19.62,19.22,0.0
2026-08-31T19:30:00+00:00,0.03,0.0,20.28,19.37,0.0
2026-08-31T19:45:00+00:00,0.03,0.0,19.37,18.58,0.0
2026-08-31T20:00:00+00:00,0.02,0.0,20.41,20.41,0.0
2026-08-31T20:15:00+00:00,0.02,0.03,20.01,19.79,0.0
2026-08-31T20:30:00+00:00,0.02,0.3,19.58,20.16,0.0
2026-08-31T20:45:00+00:00,0.01,0.0,18.61,19.35,0.0
2026-08-31T21:00:00+00:00,0.51,0.62,20.09,20.99,0.0
2026-08-31T21:15:00+00:00,0.42,0.45,20.19,21.27,0.0
2026-08-31T21:30:00+00:00,0.35,0.08,18.79,17.43,0.0
2026-08-31T21:45:00+00:00,0.28,0.59,20.22,20.82,0.0
2026-08-31T22:00:00+00:00,0.23,0.0,18.07,19.24,0.0
2026-08-31T22:15:00+00:00,0.19,0.44,18.73,19.23,0.0
2026-08-31T22:30:00+00:00,0.17,0.0,18.19,17.6,0.0
2026-08-31T22:45:00+00:00,0.14,0.04,17.46,16.97,0.0
2026-08-31T23:00:00+00:00,0.12,0.0,19.1,20.61,0.0
2026-08-31T23:15:00+00:00,0.1,0.0,16.4,15.89,0.0
2026-08-31T23:30:00+00:00,0.08,0.0,17.07,16.83,0.0
2026-08-31T23:45:00+00:00,0.07,0.22,16.23,14.29,0.0
2026-09-01T00:00:00+00:00,0.05,0.62,16.23,16.31,0.0
2026-09-01T00:15:00+00:00,0.04,0.0,16.84,16.93,0.0
2026-09-01T00:30:00+00:00,0.04,0.0,15.63,15.6,0.0
2026-09-01T00:45:00+00:00,0.03,0.0,16.17,15.45,0.0
2026-09-01T01:00:00+00:00,0.02,0.0,14.7,15.73,0.0
2026-09-01T01:15:00+00:00,0.02,0.0,13.69,12.66,0.0
2026-09-01T01:30:00+00:00,0.02,0.05,12.97,14.67,0.0
2026-09-01T01:45:00+00:00,0.01,0.83,14.18,13.97,0.0
2026-09-01T02:00:00+00:00,0.01,0.11,12.82,13.02,0.0
2026-09-01T02:15:00+00:00,0.01,0.47,11.86,11.29,0.0
2026-09-01T02:30:00+00:00,0.01,0.0,11.65,11.03,0.0
2026-09-01T02:45:00+00:00,0.01,0.0,12.46,13.13,0.0
2026-09-01T03:00:00+00:00,0.0,0.23,11.04,9.9,0.0
2026-09-01T03:15:00+00:00,0.0,0.0,10.81,11.06,0.0
2026-09-01T03:30:00+00:00,0.0,0.29,10.73,9.9,0.0
2026-09-01T03:45:00+00:00,0.0,0.0,11.48,10.67,0.0
2026-09-01T04:00:00+00:00,0.0,0.0,10.44,11.34,0.0
2026-09-01T04:15:00+00:00,0.0,0.28,10.52,10.88,0.0
2026-09-01T04:30:00+00:00,0.0,0.23,9.86,10.57,0.0
2026-09-01T04:45:00+00:00,0.0,0.0,9.29,9.51,0.0
2026-09-01T05:00:00+00:00,0.0,0.02,9.48,9.38,0.0
2026-09-01T05:15:00+00:00,0.0,0.0,9.57,9.34,0.0
2026-09-01T05:30:00+00:00,0.0,0.0,10.41,11.07,0.0
2026-09-01T05:45:00+00:00,0.0,0.0,7.89,9.36,0.0
2026-09-01T06:00:00+00:00,0.0,0.1,9.88,9.28,0.0
2026-09-01T06:15:00+00:00,0.0,0.0,9.5,9.06,0.0
2026-09-01T06:30:00+00:00,0.0,0.92,9.22,10.08,0.0
2026-09-01T06:45:00+00:00,0.0,0.08,8.88,9.91,0.0
2026-09-01T07:00:00+00:00,0.0,0.0,7.95,8.25,0.0
2026-09-01T07:15:00+00:00,0.0,0.0,10.06,11.68,0.0
2026-09-01T07:30:00+00:00,0.0,0.0,7.65,8.7,0.0
2026-09-01T07:45:00+00:00,0.0,0.6,9.32,9.91,0.0
2026-09-01T08:00:00+00:00,0.0,0.05,9.27,10.31,0.0
2026-09-01T08:15:00+00:00,0.0,0.0,9.92,10.68,0.0
2026-09-01T08:30:00+00:00,1.15,1.23,9.18,8.7,0.0
2026-09-01T08:45:00+00:00,0.94,2.07,10.11,9.32,0.0
2026-09-01T09:00:00+00:00,0.78,1.01,10.59,10.63,0.0
2026-09-01T09:15:00+00:00,0.64,0.73,9.33,8.8,0.0
2026-09-01T09:30:00+00:00,0.52,0.36,9.88,9.78,0.0
2026-09-01T09:45:00+00:00,0.43,1.15,11.51,9.96,0.0
2026-09-01T10:00:00+00:00,0.35,0.6,10.37,8.49,0.0
2026-09-01T10:15:00+00:00,0.29,1.38,10.41,11.25,0.0
2026-09-01T10:30:00+00:00,0.24,0.0,11.55,10.78,0.0
2026-09-01T10:45:00+00:00,0.19,0.0,12.03,11.67,0.0
2026-09-01T11:00:00+00:00,0.16,0.0,11.35,11.61,0.0
2026-09-01T11:15:00+00:00,0.45,0.93,11.89,11.95,0.0
2026-09-01T11:30:00+00:00,0.37,1.05,11.33,12.29,0.0
2026-09-01T11:45:00+00:00,0.3,0.96,12.99,12.89,0.0
2026-09-01T12:00:00+00:00,0.25,0.0,13.07,13.7,0.0
2026-09-01T12:15:00+00:00,0.2,0.18,13.13,13.15,0.0
2026-09-01T12:30:00+00:00,0.17,0.0,13.69,14.34,0.0
2026-09-01T12:45:00+00:00,0.14,0.0,13.67,13.65,0.0
2026-09-01T13:00:00+00:00,0.11,0.0,15.18,14.63,0.0
2026-09-01T13:15:00+00:00,1.28,1.13,15.25,14.88,0.0
2026-09-01T13:30:00+00:00,1.05,0.95,15.34,15.41,0.0
2026-09-01T13:45:00+00:00,0.86,0.56,14.99,15.69,0.0
2026-09-01T14:00:00+00:00,0.71,0.67,16.41,16.31,0.0
2026-09-01T14:15:00+00:00,0.58,1.19,15.68,15.28,0.0
2026-09-01T14:30:00+00:00,0.47,0.41,15.72,15.16,0.0
2026-09-01T14:45:00+00:00,0.39,0.58,16.27,16.33,0.0
2026-09-01T15:00:00+00:00,0.32,0.41,17.62,17.55,0.0
2026-09-01T15:15:00+00:00,0.26,0.17,18.44,17.1,0.0
2026-09-01T15:30:00+00:00,0.21,0.1,16.99,17.11,0.0
2026-09-01T15:45:00+00:00,0.18,0.79,18.34,18.89,0.0
2026-09-01T16:00:00+00:00,0.14,0.0,17.58,16.72,0.0
2026-09-01T16:15:00+00:00,0.12,0.0,19.69,20.28,0.0
2026-09-01T16:30:00+00:00,0.1,0.39,19.6,19.81,0.0
2026-09-01T16:45:00+00:00,0.08,0.0,19.44,19.64,0.0
2026-09-01T17:00:00+00:00,0.07,0.0,19.69,20.25,0.0
2026-09-01T17:15:00+00:00,0.05,0.18,20.13,19.4,0.0
2026-09-01T17:30:00+00:00,0.04,0.22,20.45,20.21,0.0
2026-09-01T17:45:00+00:00,0.04,0.0,19.63,18.86,0.0
2026-09-01T18:00:00+00:00,0.03,0.0,20.78,21.74,0.0
2026-09-01T18:15:00+00:00,0.02,0.0,20.72,20.67,0.0
2026-09-01T18:30:00+00:00,0.02,0.0,20.01,20.69,0.0
2026-09-01T18:45:00+00:00,0.02,0.73,22.09,22.77,0.0
2026-09-01T19:00:00+00:00,0.01,0.0,20.06,19.73,0.0
2026-09-01T19:15:00+00:00,0.01,0.32,20.29,20.03,0.0
2026-09-01T19:30:00+00:00,0.01,0.0,20.79,20.25,0.0
2026-09-01T19:45:00+00:00,0.01,0.41,18.02,17.77,0.0
2026-09-01T20:00:00+00:00,0.01,0.0,20.38,20.93,0.0
2026-09-01T20:15:00+00:00,0.0,0.0,20.9,20.27,0.0
2026-09-01T20:30:00+00:00,0.0,0.26,19.39,19.06,0.0
2026-09-01T20:45:00+00:00,0.0,0.0,19.6,18.12,0.0
2026-09-01T21:00:00+00:00,0.0,0.0,19.82,21.79,0.0
2026-09-01T21:15:00+00:00,0.0,0.06,19.33,19.36,0.0
2026-09-01T21:30:00+00:00,0.0,0.32,17.33,17.52,0.0
2026-09-01T21:45:00+00:00,0.0,0.21,18.93,19.04,0.0
2026-09-01T22:00:00+00:00,0.0,0.0,19.02,18.33,0.0
2026-09-01T22:15:00+00:00,1.13,0.68,17.59,18.42,0.0
2026-09-01T22:30:00+00:00,0.93,0.45,17.56,19.41,0.0
2026-09-01T22:45:00+00:00,0.76,1.81,17.12,17.52,0.0
2026-09-01T23:00:00+00:00,0.62,0.5,16.08,16.86,0.0
2026-09-01T23:15:00+00:00,0.51,0.0,17.47,17.41,0.0
2026-09-01T23:30:00+00:00,0.42,0.68,17.19,17.54,0.0
2026-09-01T23:45:00+00:00,0.34,0.4,17.47,17.07,0.0
2026-09-02T00:00:00+00:00,0.28,1.06,15.94,17.44,0.0
2026-09-02T00:15:00+00:00,0.23,0.0,14.23,14.28,0.0
2026-09-02T00:30:00+00:00,0.19,0.38,13.9,11.75,0.0
2026-09-02T00:45:00+00:00,0.16,0.16,14.08,12.76,0.0
2026-09-02T01:00:00+00:00,0.13,0.59,14.88,14.95,0.0
2026-09-02T01:15:00+00:00,0.1,0.36,15.59,15.14,0.0
2026-09-02T01:30:00+00:00,0.83,1.2,12.75,12.54,0.0
2026-09-02T01:45:00+00:00,0.68,0.59,13.27,14.23,0.0
2026-09-02T02:00:00+00:00,0.56,0.34,13.52,14.84,0.0
2026-09-02T02:15:00+00:00,0.46,0.3,12.82,11.32,0.0
2026-09-02T02:30:00+00:00,0.37,0.04,11.59,10.8,0.0
2026-09-02T02:45:00+00:00,0.31,0.0,11.22,11.2,0.0
2026-09-02T03:00:00+00:00,0.25,0.0,11.14,11.4,0.0
2026-09-02T03:15:00+00:00,0.21,0.0,11.32,11.77,0.0
2026-09-02T03:30:00+00:00,0.17,1.08,9.86,10.85,0.0
2026-09-02T03:45:00+00:00,0.14,0.0,10.58,10.87,0.0
2026-09-02T04:00:00+00:00,0.11,0.19,10.0,10.82,0.0
2026-09-02T04:15:00+00:00,0.09,0.02,10.23,10.09,0.0
2026-09-02T04:30:00+00:00,0.08,1.1,11.38,12.08,0.0
2026-09-02T04:45:00+00:00,0.06,0.1,8.26,7.85,0.0
2026-09-02T05:00:00+00:00,1.14,1.24,9.2,9.54,0.0
2026-09-02T05:15:00+00:00,0.93,0.66,9.03,7.07,0.0
2026-09-02T05:30:00+00:00,2.22,2.71,9.8,9.98,0.0
2026-09-02T05:45:00+00:00,1.82,2.0,9.23,9.11,0.0
2026-09-02T06:00:00+00:00,1.49,1.76,8.49,9.82,0.0
2026-09-02T06:15:00+00:00,1.22,1.51,9.39,8.43,0.0
2026-09-02T06:30:00+00:00,1.0,0.47,9.26,9.88,0.0
2026-09-02T06:45:00+00:00,0.82,0.47,8.81,9.12,0.0
2026-09-02T07:00:00+00:00,0.67,0.83,9.12,9.14,0.0
2026-09-02T07:15:00+00:00,0.55,0.14,7.85,8.03,0.0
2026-09-02T07:30:00+00:00,0.45,0.7,9.23,10.51,0.0
2026-09-02T07:45:00+00:00,0.37,0.0,9.0,9.04,0.0
2026-09-02T08:00:00+00:00,0.3,0.42,8.81,10.06,0.0
2026-09-02T08:15:00+00:00,0.25,0.67,9.28,9.52,0.0
2026-09-02T08:30:00+00:00,0.2,0.53,9.53,9.6,0.0
2026-09-02T08:45:00+00:00,0.17,0.76,9.38,9.29,0.0
2026-09-02T09:00:00+00:00,0.14,0.0,10.12,10.26,0.0
2026-09-02T09:15:00+00:00,0.11,0.0,9.94,11.49,0.0
2026-09-02T09:30:00+00:00,0.09,0.2,10.22,11.97,0.0
2026-09-02T09:45:00+00:00,0.08,0.59,11.2,10.85,0.0
2026-09-02T10:00:00+00:00,0.06,0.28,11.19,10.37,0.0
2026-09-02T10:15:00+00:00,0.05,0.0,10.37,10.31,0.0
2026-09-02T10:30:00+00:00,0.06,0.0,12.45,13.4,0.0
2026-09-02T10:45:00+00:00,0.05,0.09,12.75,12.65,0.0
2026-09-02T11:00:00+00:00,0.04,0.49,10.7,10.41,0.0
2026-09-02T11:15:00+00:00,0.03,0.49,12.33,11.38,0.0
2026-09-02T11:30:00+00:00,0.03,0.12,12.56,12.65,0.0
2026-09-02T11:45:00+00:00,0.02,0.2,12.34,11.49,0.0
2026-09-02T12:00:00+00:00,0.02,0.18,12.77,14.64,0.0
2026-09-02T12:15:00+00:00,0.02,0.09,11.77,12.11,0.0
2026-09-02T12:30:00+00:00,0.01,0.18,12.48,11.44,0.0
2026-09-02T12:45:00+00:00,0.01,0.28,14.41,13.67,0.0
2026-09-02T13:00:00+00:00,0.01,0.15,14.02,15.62,0.0
2026-09-02T13:15:00+00:00,0.01,0.0,14.01,14.48,0.0
2026-09-02T13:30:00+00:00,0.01,0.0,14.74,16.18,0.0
2026-09-02T13:45:00+00:00,0.0,0.4,15.34,15.39,0.0
2026-09-02T14:00:00+00:00,0.0,0.19,16.02,15.85,0.0
2026-09-02T14:15:00+00:00,0.0,0.0,15.66,17.09,0.0
2026-09-02T14:30:00+00:00,0.0,0.26,16.88,17.93,0.0
2026-09-02T14:45:00+00:00,0.0,0.64,17.03,17.98,0.0
2026-09-02T15:00:00+00:00,0.0,0.0,15.95,15.07,0.0
2026-09-02T15:15:00+00:00,0.0,0.0,16.71,16.78,0.0
2026-09-02T15:30:00+00:00,0.0,0.0,18.38,17.94,0.0
2026-09-02T15:45:00+00:00,0.0,0.0,17.99,17.58,0.0
2026-09-02T16:00:00+00:00,0.0,0.0,20.4,19.32,0.0
2026-09-02T16:15:00+00:00,0.0,0.26,20.01,21.45,0.0
2026-09-02T16:30:00+00:00,0.0,0.88,19.49,18.97,0.0
2026-09-02T16:45:00+00:00,0.0,0.2,18.82,18.48,0.0
2026-09-02T17:00:00+00:00,0.0,0.09,19.35,19.13,0.0
2026-09-02T17:15:00+00:00,0.0,0.0,20.33,20.54,0.0
2026-09-02T17:30:00+00:00,0.0,0.0,19.47,18.79,0.0
2026-09-02T17:45:00+00:00,0.0,0.47,20.04,19.58,0.0
2026-09-02T18:00:00+00:00,0.0,0.18,20.28,20.89,0.0
2026-09-02T18:15:00+00:00,0.0,0.0,19.98,19.68,0.0
2026-09-02T18:30:00+00:00,0.0,0.34,20.21,19.85,0.0
2026-09-02T18:45:00+00:00,0.0,0.5,18.81,18.83,0.0
2026-09-02T19:00:00+00:00,0.0,0.0,19.84,18.56,0.0
2026-09-02T19:15:00+00:00,0.0,0.0,19.88,19.91,0.0
2026-09-02T19:30:00+00:00,0.0,0.05,20.54,20.98,0.0
2026-09-02T19:45:00+00:00,0.0,0.0,19.81,20.17,0.0
2026-09-02T20:00:00+00:00,0.0,0.0,19.87,21.66,0.0
2026-09-02T20:15:00+00:00,0.0,0.2,20.0,20.35,0.0
2026-09-02T20:30:00+00:00,0.0,0.16,19.41,18.23,0.0
2026-09-02T20:45:00+00:00,0.0,0.28,19.94,21.07,0.0
2026-09-02T21:00:00+00:00,0.0,0.0,19.08,18.69,0.0
2026-09-02T21:15:00+00:00,0.0,0.0,19.37,20.22,0.0
2026-09-02T21:30:00+00:00,0.0,0.0,19.73,19.78,0.0
2026-09-02T21:45:00+00:00,0.0,0.0,18.74,18.15,0.0
2026-09-02T22:00:00+00:00,0.0,0.0,17.79,16.76,0.0
2026-09-02T22:15:00+00:00,0.0,0.64,18.05,17.19,0.0
2026-09-02T22:30:00+00:00,0.0,0.0,17.26,18.85,0.0
2026-09-02T22:45:00+00:00,0.0,0.41,17.47,17.08,0.0
2026-09-02T23:00:00+00:00,0.0,0.41,17.62,17.78,0.0
2026-09-02T23:15:00+00:00,0.0,0.0,16.38,15.36,0.0
2026-09-02T23:30:00+00:00,0.0,0.42,17.0,16.81,0.0
2026-09-02T23:45:00+00:00,0.0,0.33,16.89,16.52,0.0
2026-09-03T00:00:00+00:00,0.0,0.09,15.68,14.48,0.0
2026-09-03T00:15:00+00:00,0.0,0.0,15.88,15.7,0.0
2026-09-03T00:30:00+00:00,0.0,0.0,16.32,17.68,0.0
2026-09-03T00:45:00+00:00,0.0,0.0,15.08,14.05,0.0
2026-09-03T01:00:00+00:00,0.0,0.01,14.17,14.23,0.0
2026-09-03T01:15:00+00:00,0.0,0.01,13.43,12.85,0.0
2026-09-03T01:30:00+00:00,0.0,0.26,13.57,14.34,0.0
2026-09-03T01:45:00+00:00,0.0,0.0,13.31,14.05,0.0
2026-09-03T02:00:00+00:00,0.0,0.0,13.42,13.61,0.0
2026-09-03T02:15:00+00:00,0.0,0.0,11.78,12.35,0.0
2026-09-03T02:30:00+00:00,0.0,0.18,12.59,12.45,0.0
2026-09-03T02:45:00+00:00,0.0,0.06,12.66,11.73,0.0
2026-09-03T03:00:00+00:00,0.0,0.71,11.82,12.27,0.0
2026-09-03T03:15:00+00:00,0.0,0.0,10.03,10.18,0.0
2026-09-03T03:30:00+00:00,0.0,0.0,10.81,11.38,0.0
2026-09-03T03:45:00+00:00,0.0,0.18,10.44,11.11,0.0
2026-09-03T04:00:00+00:00,0.0,0.27,8.84,9.07,0.0
2026-09-03T04:15:00+00:00,0.0,0.0,10.12,8.85,0.0
2026-09-03T04:30:00+00:00,0.0,0.0,10.36,9.82,0.0
2026-09-03T04:45:00+00:00,0.0,0.08,9.38,9.52,0.0
2026-09-03T05:00:00+00:00,0.0,0.04,8.95,9.38,0.0
2026-09-03T05:15:00+00:00,0.0,0.06,8.78,7.7,0.0
2026-09-03T05:30:00+00:00,0.0,0.0,9.57,8.18,0.0
2026-09-03T05:45:00+00:00,0.0,0.26,9.59,10.43,0.0
2026-09-03T06:00:00+00:00,0.0,0.0,8.84,8.79,0.0
2026-09-03T06:15:00+00:00,0.0,0.01,9.23,9.43,0.0
2026-09-03T06:30:00+00:00,0.0,0.0,10.66,11.09,0.0
2026-09-03T06:45:00+00:00,0.0,0.26,9.48,8.65,0.0
2026-09-03T07:00:00+00:00,0.0,0.26,8.3,8.75,0.0
2026-09-03T07:15:00+00:00,0.0,0.0,9.38,9.29,0.0
2026-09-03T07:30:00+00:00,0.64,0.05,7.69,7.55,0.0
2026-09-03T07:45:00+00:00,0.52,0.01,9.11,7.9,0.0
2026-09-03T08:00:00+00:00,0.43,0.52,9.62,8.16,0.0
2026-09-03T08:15:00+00:00,0.35,0.63,9.1,9.47,0.0
2026-09-03T08:30:00+00:00,0.29,0.52,8.22,8.58,0.0
2026-09-03T08:45:00+00:00,0.24,0.39,9.7,9.15,0.0
2026-09-03T09:00:00+00:00,0.19,0.49,10.29,10.13,0.0
2026-09-03T09:15:00+00:00,0.64,0.25,10.04,9.82,0.0
2026-09-03T09:30:00+00:00,1.02,0.66,9.08,9.65,0.0
2026-09-03T09:45:00+00:00,0.84,1.41,10.05,8.43,0.0
2026-09-03T10:00:00+00:00,0.69,0.0,10.99,10.78,0.0
2026-09-03T10:15:00+00:00,0.56,0.44,11.15,11.02,0.0
2026-09-03T10:30:00+00:00,0.46,1.26,10.4,11.25,0.0
2026-09-03T10:45:00+00:00,0.38,0.88,11.33,11.03,0.0
2026-09-03T11:00:00+00:00,0.31,0.33,11.93,12.39,0.0
2026-09-03T11:15:00+00:00,0.25,0.08,11.21,11.0,0.0
2026-09-03T11:30:00+00:00,0.21,0.56,11.26,11.57,0.0
2026-09-03T11:45:00+00:00,0.17,0.91,12.31,12.18,0.0
2026-09-03T12:00:00+00:00,0.14,0.0,11.69,12.44,0.0
2026-09-03T12:15:00+00:00,0.12,0.11,13.57,13.97,0.0
2026-09-03T12:30:00+00:00,0.09,0.35,12.85,14.09,0.0
2026-09-03T12:45:00+00:00,0.08,0.78,13.79,12.91,0.0
2026-09-03T13:00:00+00:00,0.06,0.0,12.84,11.97,0.0
2026-09-03T13:15:00+00:00,0.05,1.04,15.35,14.49,0.0
2026-09-03T13:30:00+00:00,0.31,1.36,15.08,13.93,0.0
2026-09-03T13:45:00+00:00,0.57,1.01,15.15,13.68,0.0
2026-09-03T14:00:00+00:00,0.47,0.71,16.35,17.42,0.0
2026-09-03T14:15:00+00:00,0.38,0.19,17.49,17.25,0.0
2026-09-03T14:30:00+00:00,0.31,0.46,15.9,15.93,0.0
2026-09-03T14:45:00+00:00,0.26,0.61,17.2,17.26,0.0
2026-09-03T15:00:00+00:00,1.49,1.48,17.18,17.42,0.0
2026-09-03T15:15:00+00:00,1.22,1.59,17.57,18.33,0.0
2026-09-03T15:30:00+00:00,1.0,0.87,18.3,17.74,0.0
2026-09-03T15:45:00+00:00,0.82,1.16,17.99,19.05,0.0
2026-09-03T16:00:00+00:00,0.68,0.54,18.59,17.03,0.0
2026-09-03T16:15:00+00:00,0.55,0.7,17.79,17.02,0.0
2026-09-03T16:30:00+00:00,0.45,0.28,20.23,21.2,0.0
2026-09-03T16:45:00+00:00,0.37,0.43,18.69,18.31,0.0
2026-09-03T17:00:00+00:00,0.31,0.28,19.72,19.6,0.0
2026-09-03T17:15:00+00:00,0.25,0.06,20.63,20.66,0.0
2026-09-03T17:30:00+00:00,0.21,0.33,20.36,20.92,0.0
2026-09-03T17:45:00+00:00,0.17,0.95,19.33,18.75,0.0
2026-09-03T18:00:00+00:00,0.14,0.33,19.17,20.44,0.0
2026-09-03T18:15:00+00:00,0.11,0.0,20.4,19.62,0.0
2026-09-03T18:30:00+00:00,0.52,0.66,19.85,19.26,0.0
2026-09-03T18:45:00+00:00,0.42,0.78,20.2,18.45,0.0
2026-09-03T19:00:00+00:00,0.35,1.23,19.11,18.94,0.0
2026-09-03T19:15:00+00:00,0.28,0.0,20.37,20.28,0.0
2026-09-03T19:30:00+00:00,0.23,0.3,20.48,19.55,0.0
2026-09-03T19:45:00+00:00,0.19,0.49,19.55,20.1,0.0
2026-09-03T20:00:00+00:00,0.16,0.0,19.86,20.13,0.0
2026-09-03T20:15:00+00:00,0.13,0.49,19.5,20.38,0.0
2026-09-03T20:30:00+00:00,0.11,0.0,19.31,19.08,0.0
2026-09-03T20:45:00+00:00,0.09,0.0,19.1,18.67,0.0
2026-09-03T21:00:00+00:00,0.07,0.0,19.27,20.3,0.0
2026-09-03T21:15:00+00:00,0.92,1.31,19.96,20.77,0.0
2026-09-03T21:30:00+00:00,0.76,0.61,19.64,18.8,0.0
2026-09-03T21:45:00+00:00,0.62,0.3,20.17,18.74,0.0
2026-09-03T22:00:00+00:00,0.51,0.53,17.86,18.99,0.0
2026-09-03T22:15:00+00:00,0.42,0.54,18.84,19.76,0.0
2026-09-03T22:30:00+00:00,0.34,0.23,17.4,16.59,0.0
2026-09-03T22:45:00+00:00,0.28,0.55,17.38,16.68,0.0
2026-09-03T23:00:00+00:00,0.23,0.58,16.18,15.08,0.0
2026-09-03T23:15:00+00:00,0.19,0.38,17.07,16.19,0.0
2026-09-03T23:30:00+00:00,0.15,0.07,16.88,17.19,0.0
2026-09-03T23:45:00+00:00,0.13,0.55,16.91,17.42,0.0
2026-09-04T00:00:00+00:00,0.1,0.0,15.41,15.95,0.0
2026-09-04T00:15:00+00:00,0.09,0.01,15.62,13.56,0.0
2026-09-04T00:30:00+00:00,0.07,0.33,15.47,14.25,0.0
2026-09-04T00:45:00+00:00,0.61,0.34,15.37,15.35,0.0
2026-09-04T01:00:00+00:00,0.5,0.72,14.72,14.14,0.0
2026-09-04T01:15:00+00:00,0.41,0.98,13.39,11.43,0.0
2026-09-04T01:30:00+00:00,0.34,0.01,13.09,12.35,0.0
2026-09-04T01:45:00+00:00,0.28,0.11,13.21,12.34,0.0
2026-09-04T02:00:00+00:00,0.23,0.34,13.26,13.29,0.0
2026-09-04T02:15:00+00:00,0.19,0.05,13.28,13.31,0.0
2026-09-04T02:30:00+00:00,0.15,0.18,12.04,13.02,0.0
2026-09-04T02:45:00+00:00,0.13,0.0,12.0,12.05,0.0
2026-09-04T03:00:00+00:00,0.1,0.0,12.66,12.27,0.0
2026-09-04T03:15:00+00:00,0.08,0.72,11.34,11.74,0.0
2026-09-04T03:30:00+00:00,0.07,0.86,11.32,10.73,0.0
2026-09-04T03:45:00+00:00,0.06,0.0,11.45,10.59,0.0
2026-09-04T04:00:00+00:00,0.05,0.0,10.62,11.52,0.0
2026-09-04T04:15:00+00:00,0.04,0.0,9.35,9.43,0.0
2026-09-04T04:30:00+00:00,0.03,0.0,10.13,10.35,0.0
2026-09-04T04:45:00+00:00,0.03,0.75,8.55,8.38,0.0
2026-09-04T05:00:00+00:00,0.02,0.49,10.14,9.96,0.0
2026-09-04T05:15:00+00:00,0.02,0.0,8.56,8.35,0.0
2026-09-04T05:30:00+00:00,0.01,0.14,10.18,10.64,0.0
2026-09-04T05:45:00+00:00,0.01,0.58,8.13,9.11,0.0
2026-09-04T06:00:00+00:00,0.01,0.02,7.8,8.8,0.0
2026-09-04T06:15:00+00:00,0.01,0.09,8.55,8.42,0.0
2026-09-04T06:30:00+00:00,0.01,0.14,8.58,8.39,0.0
2026-09-04T06:45:00+00:00,0.01,0.75,8.37,9.45,0.0
2026-09-04T07:00:00+00:00,0.0,0.2,9.41,9.7,0.0
2026-09-04T07:15:00+00:00,0.0,0.45,10.06,9.65,0.0
2026-09-04T07:30:00+00:00,0.0,0.52,9.49,9.31,0.0
2026-09-04T07:45:00+00:00,0.0,0.0,8.63,9.29,0.0
2026-09-04T08:00:00+00:00,0.0,0.0,8.96,8.03,0.0
2026-09-04T08:15:00+00:00,0.0,0.0,8.35,8.97,0.0
2026-09-04T08:30:00+00:00,0.0,0.0,7.61,5.85,0.0
2026-09-04T08:45:00+00:00,0.0,1.01,9.68,8.54,0.0
2026-09-04T09:00:00+00:00,0.0,0.09,10.06,10.33,0.0
2026-09-04T09:15:00+00:00,0.0,0.67,9.32,7.75,0.0
2026-09-04T09:30:00+00:00,0.0,0.0,10.11,10.24,0.0
2026-09-04T09:45:00+00:00,0.0,0.41,9.07,8.9,0.0
2026-09-04T10:00:00+00:00,3.27,3.23,11.28,11.86,0.0
2026-09-04T10:15:00+00:00,2.68,3.04,11.2,11.67,0.0
2026-09-04T10:30:00+00:00,2.2,2.91,10.32,11.57,0.0
2026-09-04T10:45:00+00:00,1.8,2.21,11.22,11.44,0.0
2026-09-04T11:00:00+00:00,1.48,1.11,11.17,10.93,0.0
2026-09-04T11:15:00+00:00,1.21,0.55,10.81,12.02,0.001
2026-09-04T11:30:00+00:00,0.99,0.98,10.93,12.22,0.001
2026-09-04T11:45:00+00:00,0.81,0.93,11.57,9.59,0.001
2026-09-04T12:00:00+00:00,0.67,0.42,12.95,14.15,0.001
2026-09-04T12:15:00+00:00,0.55,0.0,14.04,13.75,0.002
2026-09-04T12:30:00+00:00,0.45,0.51,12.96,12.36,0.002
2026-09-04T12:45:00+00:00,0.37,0.0,14.43,14.91,0.003
2026-09-04T13:00:00+00:00,0.3,0.16,15.27,14.83,0.004
2026-09-04T13:15:00+00:00,0.25,0.44,15.54,15.18,0.005
2026-09-04T13:30:00+00:00,0.2,0.23,14.75,14.03,0.006
2026-09-04T13:45:00+00:00,0.17,0.49,15.55,16.89,0.007
2026-09-04T14:00:00+00:00,0.14,0.0,15.87,15.82,0.009
2026-09-04T14:15:00+00:00,0.11,0.17,17.24,15.8,0.011
2026-09-04T14:30:00+00:00,0.09,1.15,15.76,16.94,0.014
2026-09-04T14:45:00+00:00,0.08,0.2,18.27,17.83,0.017
2026-09-04T15:00:00+00:00,0.06,0.25,17.93,16.7,0.021
2026-09-04T15:15:00+00:00,0.05,0.58,19.19,18.41,0.025
2026-09-04T15:30:00+00:00,0.04,0.04,18.15,17.22,0.03
2026-09-04T15:45:00+00:00,0.03,0.47,17.53,18.08,0.037
2026-09-04T16:00:00+00:00,0.03,0.0,18.46,17.75,0.044
2026-09-04T16:15:00+00:00,0.02,0.0,18.59,19.83,0.052
2026-09-04T16:30:00+00:00,0.02,0.42,18.23,17.14,0.062
2026-09-04T16:45:00+00:00,0.02,0.66,18.41,16.83,0.073
2026-09-04T17:00:00+00:00,0.01,0.0,19.25,18.91,0.086
2026-09-04T17:15:00+00:00,0.01,0.0,19.0,19.21,0.101
2026-09-04T17:30:00+00:00,0.01,0.07,19.32,17.7,0.117
2026-09-04T17:45:00+00:00,0.01,0.0,20.26,20.99,0.135
2026-09-04T18:00:00+00:00,0.01,0.36,19.13,21.03,0.156
2026-09-04T18:15:00+00:00,0.17,0.21,20.1,20.2,0.178
2026-09-04T18:30:00+00:00,0.14,0.0,20.55,21.2,0.203
2026-09-04T18:45:00+00:00,0.11,0.0,20.35,19.55,0.23
2026-09-04T19:00:00+00:00,0.09,0.49,20.98,20.02,0.259
2026-09-04T19:15:00+00:00,0.08,0.0,22.31,21.19,0.291
2026-09-04T19:30:00+00:00,0.06,0.46,19.83,19.17,0.325
2026-09-04T19:45:00+00:00,0.05,0.39,19.65,17.53,0.36
2026-09-04T20:00:00+00:00,0.04,0.0,20.75,21.25,0.398
2026-09-04T20:15:00+00:00,0.03,0.0,18.61,18.81,0.438
2026-09-04T20:30:00+00:00,0.03,0.0,18.11,15.86,0.478
2026-09-04T20:45:00+00:00,0.02,0.0,19.15,19.26,0.52
2026-09-04T21:00:00+00:00,0.02,0.04,18.78,19.71,0.563
2026-09-04T21:15:00+00:00,0.02,0.64,19.6,20.31,0.607
2026-09-04T21:30:00+00:00,0.01,0.0,18.7,20.17,0.65
2026-09-04T21:45:00+00:00,0.01,0.03,19.43,20.14,0.693
2026-09-04T22:00:00+00:00,0.01,0.47,18.67,18.86,0.734
2026-09-04T22:15:00+00:00,0.01,0.7,19.78,19.82,0.775
2026-09-04T22:30:00+00:00,0.01,0.65,19.0,18.73,0.813
2026-09-04T22:45:00+00:00,0.0,0.38,16.73,17.35,0.849
2026-09-04T23:00:00+00:00,0.0,0.0,18.12,17.43,0.882
2026-09-04T23:15:00+00:00,0.0,0.51,17.16,16.63,0.912
2026-09-04T23:30:00+00:00,0.0,0.0,16.77,16.12,0.938
2026-09-04T23:45:00+00:00,0.13,0.65,16.12,15.26,0.96
2026-09-05T00:00:00+00:00,0.1,0.49,15.83,16.56,0.977
2026-09-05T00:15:00+00:00,0.09,0.23,15.08,15.33,0.99
2026-09-05T00:30:00+00:00,0.07,0.0,15.4,15.68,0.997
2026-09-05T00:45:00+00:00,0.27,0.0,14.26,14.32,1.0
2026-09-05T01:00:00+00:00,0.22,0.53,14.92,14.33,0.997
2026-09-05T01:15:00+00:00,0.18,0.14,15.31,16.28,0.99
2026-09-05T01:30:00+00:00,0.15,0.0,13.82,13.63,0.977
2026-09-05T01:45:00+00:00,0.12,0.04,13.08,14.35,0.96
2026-09-05T02:00:00+00:00,0.1,0.81,13.19,14.17,0.938
2026-09-05T02:15:00+00:00,0.08,0.04,13.15,14.14,0.912
2026-09-05T02:30:00+00:00,0.07,0.0,12.89,13.28,0.882
2026-09-05T02:45:00+00:00,0.14,0.51,10.44,11.83,0.849
2026-09-05T03:00:00+00:00,0.29,0.0,12.05,12.12,0.813
2026-09-05T03:15:00+00:00,0.24,0.72,12.68,14.31,0.775
2026-09-05T03:30:00+00:00,0.2,0.58,10.94,13.2,0.734
2026-09-05T03:45:00+00:00,0.16,0.0,10.66,11.16,0.693
2026-09-05T04:00:00+00:00,0.13,0.55,10.16,9.43,0.65
2026-09-05T04:15:00+00:00,0.11,0.75,10.27,9.61,0.607
2026-09-05T04:30:00+00:00,0.09,0.15,10.72,11.73,0.563
2026-09-05T04:45:00+00:00,0.07,0.0,11.12,12.1,0.52
2026-09-05T05:00:00+00:00,0.06,0.0,9.63,10.27,0.478
2026-09-05T05:15:00+00:00,0.05,0.51,8.37,7.82,0.438
2026-09-05T05:30:00+00:00,0.04,0.6,9.33,9.64,0.398
2026-09-05T05:45:00+00:00,0.03,0.0,8.92,8.72,0.36
2026-09-05T06:00:00+00:00,0.03,0.56,9.02,9.1,0.325
2026-09-05T06:15:00+00:00,0.02,0.0,9.15,9.49,0.291
2026-09-05T06:30:00+00:00,0.02,0.0,9.87,11.24,0.259
2026-09-05T06:45:00+00:00,0.01,0.0,9.61,10.81,0.23
2026-09-05T07:00:00+00:00,0.01,0.12,8.88,9.19,0.203
2026-09-05T07:15:00+00:00,0.01,0.11,7.3,7.81,0.178
2026-09-05T07:30:00+00:00,0.01,0.68,7.61,8.96,0.156
2026-09-05T07:45:00+00:00,0.01,0.02,8.29,9.09,0.135
2026-09-05T08:00:00+00:00,0.01,0.57,8.48,9.52,0.117
2026-09-05T08:15:00+00:00,0.0,0.68,8.13,9.39,0.101
2026-09-05T08:30:00+00:00,0.0,0.0,9.17,9.35,0.086
2026-09-05T08:45:00+00:00,0.0,0.0,8.48,9.75,0.073
2026-09-05T09:00:00+00:00,0.0,0.35,7.69,8.89,0.062
2026-09-05T09:15:00+00:00,0.0,0.0,9.35,8.68,0.052
2026-09-05T09:30:00+00:00,0.0,0.0,10.66,9.22,0.044
2026-09-05T09:45:00+00:00,0.0,0.2,10.41,8.96,0.037
2026-09-05T10:00:00+00:00,0.0,0.0,11.2,10.55,0.03
2026-09-05T10:15:00+00:00,0.0,0.0,10.45,10.16,0.025
2026-09-05T10:30:00+00:00,0.0,0.53,11.69,10.89,0.021
2026-09-05T10:45:00+00:00,0.0,0.0,11.88,12.1,0.017
2026-09-05T11:00:00+00:00,0.0,0.57,11.66,10.79,0.014
2026-09-05T11:15:00+00:00,0.0,0.0,11.59,11.33,0.011
2026-09-05T11:30:00+00:00,0.0,0.42,13.13,13.33,0.009
2026-09-05T11:45:00+00:00,0.0,0.28,12.24,12.6,0.007
2026-09-05T12:00:00+00:00,0.0,0.41,13.02,13.57,0.006
2026-09-05T12:15:00+00:00,0.0,0.38,13.42,13.88,0.005
2026-09-05T12:30:00+00:00,1.25,1.33,15.44,14.84,0.004
2026-09-05T12:45:00+00:00,1.03,1.38,13.94,14.64,0.003
2026-09-05T13:00:00+00:00,0.84,1.31,15.36,15.19,0.002
2026-09-05T13:15:00+00:00,1.17,0.8,14.08,13.86,0.002
2026-09-05T13:30:00+00:00,0.96,1.16,14.95,15.59,0.001
2026-09-05T13:45:00+00:00,0.79,1.2,15.86,16.03,0.001
2026-09-05T14:00:00+00:00,0.65,0.68,17.04,16.78,0.001
2026-09-05T14:15:00+00:00,0.53,0.0,16.41,17.15,0.001
2026-09-05T14:30:00+00:00,0.43,0.0,17.63,17.15,0.0
2026-09-05T14:45:00+00:00,0.77,1.09,15.8,15.5,0.0
2026-09-05T15:00:00+00:00,0.63,0.55,15.91,16.57,0.0
2026-09-05T15:15:00+00:00,0.52,0.0,17.21,18.42,0.0
2026-09-05T15:30:00+00:00,0.42,0.0,17.59,17.98,0.0
2026-09-05T15:45:00+00:00,0.35,0.27,18.79,18.2,0.0
2026-09-05T16:00:00+00:00,0.28,0.12,18.44,19.17,0.0
2026-09-05T16:15:00+00:00,0.23,0.18,18.46,17.68,0.0
2026-09-05T16:30:00+00:00,0.19,0.15,18.19,18.12,0.0
2026-09-05T16:45:00+00:00,0.16,0.0,20.01,18.23,0.0
2026-09-05T17:00:00+00:00,0.13,0.0,19.47,18.24,0.0
2026-09-05T17:15:00+00:00,0.11,0.21,19.62,20.03,0.0
2026-09-05T17:30:00+00:00,0.09,0.87,19.7,18.87,0.0
2026-09-05T17:45:00+00:00,0.07,0.0,20.7,22.32,0.0
2026-09-05T18:00:00+00:00,0.06,0.0,19.85,19.96,0.0
2026-09-05T18:15:00+00:00,0.05,0.0,18.85,18.97,0.0
2026-09-05T18:30:00+00:00,0.72,1.01,20.52,19.38,0.0
2026-09-05T18:45:00+00:00,0.59,0.64,18.99,20.69,0.0
2026-09-05T19:00:00+00:00,0.48,0.38,20.7,21.08,0.0
2026-09-05T19:15:00+00:00,1.53,1.19,20.52,19.12,0.0
2026-09-05T19:30:00+00:00,1.25,1.24,20.51,20.43,0.0
2026-09-05T19:45:00+00:00,1.03,0.9,19.3,19.7,0.0
2026-09-05T20:00:00+00:00,0.84,0.84,20.79,21.77,0.0
2026-09-05T20:15:00+00:00,0.69,0.51,19.47,20.53,0.0
2026-09-05T20:30:00+00:00,0.57,1.26,20.2,20.46,0.0
2026-09-05T20:45:00+00:00,0.46,0.0,19.21,18.84,0.0
2026-09-05T21:00:00+00:00,0.38,0.31,18.72,16.69,0.0
2026-09-05T21:15:00+00:00,0.31,0.15,20.16,20.56,0.0
2026-09-05T21:30:00+00:00,0.26,0.58,18.77,17.99,0.0
2026-09-05T21:45:00+00:00,0.21,0.24,18.89,19.35,0.0
2026-09-05T22:00:00+00:00,0.17,0.45,18.69,17.77,0.0
2026-09-05T22:15:00+00:00,0.14,0.0,18.23,18.14,0.0
2026-09-05T22:30:00+00:00,0.12,0.11,17.58,17.34,0.0
2026-09-05T22:45:00+00:00,0.1,0.0,17.55,18.77,0.0
2026-09-05T23:00:00+00:00,0.08,0.0,17.75,17.66,0.0
2026-09-05T23:15:00+00:00,1.4,1.15,16.77,16.78,0.0
2026-09-05T23:30:00+00:00,1.15,0.83,15.92,16.82,0.0
2026-09-05T23:45:00+00:00,0.94,1.21,15.56,15.71,0.0
2026-09-06T00:00:00+00:00,0.77,0.36,16.23,17.82,0.0
2026-09-06T00:15:00+00:00,0.63,0.0,15.99,17.5,0.0
2026-09-06T00:30:00+00:00,0.52,0.0,15.19,14.65,0.0
2026-09-06T00:45:00+00:00,0.43,0.5,14.12,14.64,0.0
2026-09-06T01:00:00+00:00,0.35,0.6,14.69,14.67,0.0
2026-09-06T01:15:00+00:00,0.29,0.68,13.44,14.18,0.0
2026-09-06T01:30:00+00:00,0.24,0.32,13.78,13.99,0.0
2026-09-06T01:45:00+00:00,0.19,0.63,11.98,11.1,0.0
2026-09-06T02:00:00+00:00,0.16,0.0,12.83,12.67,0.0
2026-09-06T02:15:00+00:00,0.13,0.44,13.12,12.15,0.0
2026-09-06T02:30:00+00:00,0.11,0.4,13.22,12.14,0.0
2026-09-06T02:45:00+00:00,0.09,0.0,11.84,11.56,0.0
2026-09-06T03:00:00+00:00,0.07,0.3,11.52,10.57,0.0
2026-09-06T03:15:00+00:00,0.06,0.46,12.14,13.33,0.0
2026-09-06T03:30:00+00:00,0.05,0.12,11.62,11.8,0.0
2026-09-06T03:45:00+00:00,0.04,0.32,11.04,11.99,0.0
2026-09-06T04:00:00+00:00,0.03,0.18,10.04,9.26,0.0
2026-09-06T04:15:00+00:00,0.03,0.18,10.79,10.17,0.0
2026-09-06T04:30:00+00:00,0.02,0.56,8.82,9.15,0.0
2026-09-06T04:45:00+00:00,0.02,0.0,9.88,9.64,0.0
2026-09-06T05:00:00+00:00,0.01,0.0,10.03,10.26,0.0
2026-09-06T05:15:00+00:00,0.01,0.0,9.51,9.79,0.0
2026-09-06T05:30:00+00:00,0.01,0.0,8.76,7.72,0.0
2026-09-06T05:45:00+00:00,0.01,0.0,8.73,8.78,0.0
2026-09-06T06:00:00+00:00,0.01,0.0,9.04,9.81,0.0
2026-09-06T06:15:00+00:00,0.01,0.0,8.26,8.66,0.0
2026-09-06T06:30:00+00:00,0.0,0.31,9.77,9.75,0.0
2026-09-06T06:45:00+00:00,0.0,0.8,9.01,10.09,0.0
2026-09-06T07:00:00+00:00,0.0,0.0,8.57,9.09,0.0
2026-09-06T07:15:00+00:00,0.0,0.0,8.38,8.81,0.0
2026-09-06T07:30:00+00:00,0.0,0.04,9.42,9.3,0.0
2026-09-06T07:45:00+00:00,0.0,0.0,9.1,8.65,0.0
2026-09-06T08:00:00+00:00,0.0,0.0,9.47,9.61,0.0
2026-09-06T08:15:00+00:00,0.0,0.07,8.5,9.47,0.0
2026-09-06T08:30:00+00:00,2.38,2.6,9.68,10.13,0.0
2026-09-06T08:45:00+00:00,1.95,2.02,8.2,7.97,0.0
2026-09-06T09:00:00+00:00,1.6,1.09,9.71,9.66,0.0
2026-09-06T09:15:00+00:00,1.31,1.1,8.97,7.8,0.0
2026-09-06T09:30:00+00:00,1.08,0.7,10.64,9.96,0.0
2026-09-06T09:45:00+00:00,0.88,1.48,11.26,9.45,0.0
2026-09-06T10:00:00+00:00,0.72,0.58,9.39,9.1,0.0
2026-09-06T10:15:00+00:00,0.59,0.29,10.63,10.44,0.0
2026-09-06T10:30:00+00:00,0.49,0.16,11.81,12.27,0.0
2026-09-06T10:45:00+00:00,0.4,0.2,10.83,11.63,0.0
2026-09-06T11:00:00+00:00,0.33,1.0,10.44,9.97,0.0
2026-09-06T11:15:00+00:00,0.27,0.79,12.41,10.29,0.0
2026-09-06T11:30:00+00:00,0.95,1.06,12.46,12.64,0.0
2026-09-06T11:45:00+00:00,0.78,0.95,12.38,11.84,0.0
2026-09-06T12:00:00+00:00,0.64,0.66,13.53,13.64,0.0
2026-09-06T12:15:00+00:00,0.52,0.96,12.85,12.4,0.0
2026-09-06T12:30:00+00:00,0.43,0.35,14.59,14.96,0.0
2026-09-06T12:45:00+00:00,0.35,0.0,13.9,13.66,0.0
2026-09-06T13:00:00+00:00,0.29,0.49,14.38,14.56,0.0
2026-09-06T13:15:00+00:00,0.24,0.0,14.81,13.33,0.0
2026-09-06T13:30:00+00:00,0.19,0.69,14.94,15.84,0.0
2026-09-06T13:45:00+00:00,0.16,0.45,14.53,14.99,0.0
2026-09-06T14:00:00+00:00,0.13,0.0,15.88,17.63,0.0
2026-09-06T14:15:00+00:00,0.11,0.42,16.72,15.72,0.0
2026-09-06T14:30:00+00:00,0.09,0.27,16.5,16.31,0.0
2026-09-06T14:45:00+00:00,0.07,0.0,16.66,16.72,0.0
2026-09-06T15:00:00+00:00,0.06,0.86,17.0,16.81,0.0
2026-09-06T15:15:00+00:00,0.05,0.7,17.02,17.47,0.0
2026-09-06T15:30:00+00:00,0.04,0.36,17.55,16.9,0.0
2026-09-06T15:45:00+00:00,0.03,0.0,18.28,18.67,0.0
2026-09-06T16:00:00+00:00,0.03,0.0,18.86,18.53,0.0
2026-09-06T16:15:00+00:00,0.02,0.09,18.8,19.01,0.0
2026-09-06T16:30:00+00:00,0.02,0.59,19.45,19.16,0.0
2026-09-06T16:45:00+00:00,0.01,0.0,19.73,20.06,0.0
2026-09-06T17:00:00+00:00,0.01,0.72,19.34,20.27,0.0
2026-09-06T17:15:00+00:00,0.01,0.58,18.97,19.66,0.0
2026-09-06T17:30:00+00:00,0.01,0.66,19.44,19.8,0.0
2026-09-06T17:45:00+00:00,0.01,0.46,20.26,20.74,0.0
2026-09-06T18:00:00+00:00,0.77,0.7,20.18,21.41,0.0
2026-09-06T18:15:00+00:00,0.63,0.15,20.46,19.77,0.0
2026-09-06T18:30:00+00:00,0.51,0.4,21.26,21.16,0.0
2026-09-06T18:45:00+00:00,0.42,0.89,20.25,20.91,0.0
2026-09-06T19:00:00+00:00,0.36,0.8,20.87,21.65,0.0
2026-09-06T19:15:00+00:00,0.29,1.29,20.16,21.42,0.0
2026-09-06T19:30:00+00:00,0.42,0.12,21.42,22.36,0.0
2026-09-06T19:45:00+00:00,0.35,0.36,21.65,21.18,0.0
2026-09-06T20:00:00+00:00,0.28,0.57,19.65,19.03,0.0
2026-09-06T20:15:00+00:00,0.23,0.6,19.89,20.68,0.0
2026-09-06T20:30:00+00:00,0.19,0.0,19.57,20.37,0.0
2026-09-06T20:45:00+00:00,0.16,0.0,19.74,20.73,0.0
2026-09-06T21:00:00+00:00,0.13,0.18,19.71,19.88,0.0
2026-09-06T21:15:00+00:00,0.11,0.0,19.48,19.26,0.0
2026-09-06T21:30:00+00:00,0.09,0.12,19.52,19.82,0.0
2026-09-06T21:45:00+00:00,0.07,0.33,18.87,19.24,0.0
2026-09-06T22:00:00+00:00,0.06,0.0,18.24,18.31,0.0
2026-09-06T22:15:00+00:00,0.05,0.0,17.63,17.48,0.0
2026-09-06T22:30:00+00:00,0.04,0.29,17.74,18.39,0.0
2026-09-06T22:45:00+00:00,0.03,0.11,17.71,17.04,0.0
2026-09-06T23:00:00+00:00,0.03,0.76,17.42,16.7,0.0
2026-09-06T23:15:00+00:00,0.02,0.03,17.25,16.94,0.0
2026-09-06T23:30:00+00:00,0.02,0.0,17.57,17.57,0.0
2026-09-06T23:45:00+00:00,0.01,0.2,16.31,14.63,0.0
2026-09-07T00:00:00+00:00,0.03,0.0,15.93,16.59,0.0
2026-09-07T00:15:00+00:00,0.03,0.63,14.46,15.06,0.0
2026-09-07T00:30:00+00:00,0.02,0.0,14.75,14.61,0.0
2026-09-07T00:45:00+00:00,0.02,0.28,16.52,17.33,0.0
2026-09-07T01:00:00+00:00,0.01,0.0,15.56,17.57,0.0
2026-09-07T01:15:00+00:00,0.01,0.0,13.69,13.24,0.0
2026-09-07T01:30:00+00:00,0.01,0.0,13.64,14.0,0.0
2026-09-07T01:45:00+00:00,0.01,0.66,13.71,13.61,0.0
2026-09-07T02:00:00+00:00,0.01,0.04,13.18,13.71,0.0
2026-09-07T02:15:00+00:00,0.01,1.0,12.83,13.85,0.0
2026-09-07T02:30:00+00:00,0.0,0.19,11.8,11.73,0.0
2026-09-07T02:45:00+00:00,0.0,0.09,11.36,12.18,0.0
2026-09-07T03:00:00+00:00,0.0,0.0,12.08,12.01,0.0
2026-09-07T03:15:00+00:00,0.0,0.0,11.3,10.64,0.0
2026-09-07T03:30:00+00:00,0.0,0.0,11.32,10.55,0.0
2026-09-07T03:45:00+00:00,0.0,0.0,10.62,12.42,0.0
2026-09-07T04:00:00+00:00,0.0,0.0,11.65,10.78,0.0
2026-09-07T04:15:00+00:00,0.0,0.58,9.72,10.75,0.0
2026-09-07T04:30:00+00:00,0.0,0.0,10.34,11.01,0.0
2026-09-07T04:45:00+00:00,0.0,0.0,10.29,10.12,0.0
2026-09-07T05:00:00+00:00,0.0,0.81,8.48,7.62,0.0
2026-09-07T05:15:00+00:00,0.0,0.08,9.51,9.06,0.0
2026-09-07T05:30:00+00:00,0.0,0.11,10.15,11.26,0.0
2026-09-07T05:45:00+00:00,0.0,0.21,9.38,8.51,0.0
2026-09-07T06:00:00+00:00,0.0,0.91,8.26,7.72,0.0
2026-09-07T06:15:00+00:00,0.0,0.0,9.17,9.79,0.0
2026-09-07T06:30:00+00:00,0.24,0.25,8.24,7.66,0.0
2026-09-07T06:45:00+00:00,0.2,0.23,7.63,7.96,0.0
2026-09-07T07:00:00+00:00,0.16,0.02,8.47,8.21,0.0
2026-09-07T07:15:00+00:00,0.13,0.11,8.27,8.18,0.0
2026-09-07T07:30:00+00:00,0.11,0.58,9.38,9.3,0.0
2026-09-07T07:45:00+00:00,0.09,0.1,8.71,9.26,0.0
2026-09-07T08:00:00+00:00,0.07,0.0,9.36,9.23,0.0
2026-09-07T08:15:00+00:00,0.06,0.23,9.07,9.04,0.0
2026-09-07T08:30:00+00:00,0.05,0.17,9.26,10.55,0.0
2026-09-07T08:45:00+00:00,0.04,0.0,8.2,9.0,0.0
2026-09-07T09:00:00+00:00,0.03,0.0,9.49,9.67,0.0
2026-09-07T09:15:00+00:00,0.03,0.42,9.36,8.26,0.0
2026-09-07T09:30:00+00:00,0.02,0.22,10.19,10.79,0.0
2026-09-07T09:45:00+00:00,0.02,0.0,10.73,10.46,0.0
2026-09-07T10:00:00+00:00,0.02,0.2,10.44,10.63,0.0
2026-09-07T10:15:00+00:00,0.01,0.44,10.98,11.4,0.0
2026-09-07T10:30:00+00:00,0.01,0.0,10.66,11.95,0.0
2026-09-07T10:45:00+00:00,0.01,0.68,10.74,9.94,0.0
2026-09-07T11:00:00+00:00,0.01,0.85,13.22,13.85,0.0
2026-09-07T11:15:00+00:00,0.01,0.58,11.03,11.51,0.0
2026-09-07T11:30:00+00:00,0.0,0.0,11.88,12.01,0.0
2026-09-07T11:45:00+00:00,0.0,0.0,13.81,13.68,0.0
2026-09-07T12:00:00+00:00,0.0,0.0,13.49,13.77,0.0
2026-09-07T12:15:00+00:00,0.0,0.0,14.16,13.67,0.0
2026-09-07T12:30:00+00:00,0.0,0.0,12.61,12.63,0.0
2026-09-07T12:45:00+00:00,0.0,0.0,14.23,12.82,0.0
2026-09-07T13:00:00+00:00,0.0,0.01,14.21,13.7,0.0
2026-09-07T13:15:00+00:00,0.0,0.0,13.38,13.86,0.0
2026-09-07T13:30:00+00:00,0.0,0.0,13.95,13.36,0.0
2026-09-07T13:45:00+00:00,0.0,0.0,15.13,16.65,0.0
2026-09-07T14:00:00+00:00,0.0,0.0,16.09,15.96,0.0
2026-09-07T14:15:00+00:00,0.0,0.0,18.14,19.11,0.0
2026-09-07T14:30:00+00:00,0.0,0.6,17.09,17.21,0.0
2026-09-07T14:45:00+00:00,0.0,0.18,17.53,16.94,0.0
2026-09-07T15:00:00+00:00,0.0,0.0,16.66,17.96,0.0
2026-09-07T15:15:00+00:00,0.0,0.0,17.9,18.29,0.0
2026-09-07T15:30:00+00:00,0.0,0.38,17.25,17.25,0.0
2026-09-07T15:45:00+00:00,0.0,0.76,17.65,17.04,0.0
2026-09-07T16:00:00+00:00,0.0,0.77,18.32,17.85,0.0
2026-09-07T16:15:00+00:00,0.0,0.0,19.12,18.01,0.0
2026-09-07T16:30:00+00:00,0.0,0.04,19.92,19.44,0.0
2026-09-07T16:45:00+00:00,0.0,0.28,19.19,19.38,0.0
2026-09-07T17:00:00+00:00,0.0,0.0,18.57,18.9,0.0
2026-09-07T17:15:00+00:00,0.0,0.0,19.86,19.94,0.0
2026-09-07T17:30:00+00:00,0.0,0.0,20.12,19.6,0.0
2026-09-07T17:45:00+00:00,0.0,0.0,21.09,20.73,0.0
2026-09-07T18:00:00+00:00,0.0,0.03,19.27,18.27,0.0
2026-09-07T18:15:00+00:00,0.0,0.55,19.44,20.54,0.0
2026-09-07T18:30:00+00:00,0.0,1.09,19.57,21.16,0.0
2026-09-07T18:45:00+00:00,0.0,0.24,19.78,18.91,0.0
2026-09-07T19:00:00+00:00,0.0,0.25,20.51,19.81,0.0
2026-09-07T19:15:00+00:00,0.0,0.0,19.69,19.7,0.0
2026-09-07T19:30:00+00:00,0.0,0.42,20.3,20.56,0.0
2026-09-07T19:45:00+00:00,0.0,0.0,20.83,19.5,0.0
2026-09-07T20:00:00+00:00,0.0,0.32,19.72,20.11,0.0
2026-09-07T20:15:00+00:00,0.0,0.0,19.59,20.22,0.0
2026-09-07T20:30:00+00:00,0.0,0.0,19.56,18.24,0.0
2026-09-07T20:45:00+00:00,0.0,0.0,20.01,19.95,0.0
2026-09-07T21:00:00+00:00,0.0,0.0,19.17,19.48,0.0
2026-09-07T21:15:00+00:00,0.0,0.06,20.38,19.93,0.0
2026-09-07T21:30:00+00:00,0.0,0.41,18.95,19.7,0.0
2026-09-07T21:45:00+00:00,0.0,0.05,18.8,19.31,0.0
2026-09-07T22:00:00+00:00,0.0,0.56,18.48,19.03,0.0
2026-09-07T22:15:00+00:00,0.0,0.0,17.34,17.13,0.0
2026-09-07T22:30:00+00:00,0.0,0.0,18.4,17.63,0.0
2026-09-07T22:45:00+00:00,0.0,0.0,17.82,17.85,0.0
2026-09-07T23:00:00+00:00,0.85,0.87,16.39,16.51,0.0
2026-09-07T23:15:00+00:00,0.7,1.17,15.82,15.83,0.0
2026-09-07T23:30:00+00:00,0.57,1.09,16.52,18.03,0.0
2026-09-07T23:45:00+00:00,0.47,0.18,16.53,16.81,0.0
2026-09-08T00:00:00+00:00,0.38,0.22,15.4,16.35,0.0
2026-09-08T00:15:00+00:00,0.32,0.11,15.52,15.92,0.0
2026-09-08T00:30:00+00:00,0.26,0.91,15.2,14.92,0.0
2026-09-08T00:45:00+00:00,0.21,0.66,14.25,13.96,0.0
2026-09-08T01:00:00+00:00,0.17,0.66,14.73,15.29,0.0
2026-09-08T01:15:00+00:00,0.14,0.0,14.48,13.33,0.0
2026-09-08T01:30:00+00:00,0.12,0.0,13.8,13.79,0.0
2026-09-08T01:45:00+00:00,0.1,0.03,13.11,14.46,0.0
2026-09-08T02:00:00+00:00,0.08,0.67,12.45,12.3,0.0
2026-09-08T02:15:00+00:00,0.07,0.64,12.87,11.02,0.0
2026-09-08T02:30:00+00:00,0.05,0.05,12.12,12.34,0.0
2026-09-08T02:45:00+00:00,0.04,0.32,10.38,10.58,0.0
2026-09-08T03:00:00+00:00,0.04,0.59,12.31,11.85,0.0
2026-09-08T03:15:00+00:00,0.03,0.05,11.15,11.54,0.0
2026-09-08T03:30:00+00:00,0.02,0.58,11.36,10.53,0.0
2026-09-08T03:45:00+00:00,0.02,0.15,10.6,10.17,0.0
2026-09-08T04:00:00+00:00,0.02,0.0,10.23,10.9,0.0
2026-09-08T04:15:00+00:00,0.01,0.25,11.04,10.15,0.0
2026-09-08T04:30:00+00:00,0.01,0.0,11.33,12.29,0.0
2026-09-08T04:45:00+00:00,0.01,0.26,8.0,6.51,0.0
2026-09-08T05:00:00+00:00,0.01,0.5,9.14,8.86,0.0
2026-09-08T05:15:00+00:00,0.42,0.16,10.29,11.19,0.0
2026-09-08T05:30:00+00:00,0.35,0.0,8.07,7.59,0.0
2026-09-08T05:45:00+00:00,0.29,0.17,8.18,7.27,0.0
2026-09-08T06:00:00+00:00,0.23,0.23,8.74,9.12,0.0
2026-09-08T06:15:00+00:00,0.19,0.0,9.66,10.49,0.0
2026-09-08T06:30:00+00:00,0.16,0.18,8.98,7.97,0.0
2026-09-08T06:45:00+00:00,0.13,0.16,10.0,11.19,0.0
2026-09-08T07:00:00+00:00,0.11,0.0,8.37,8.24,0.0
2026-09-08T07:15:00+00:00,0.09,0.0,8.78,8.33,0.0
2026-09-08T07:30:00+00:00,0.07,0.56,7.94,9.52,0.0
2026-09-08T07:45:00+00:00,0.06,0.0,8.71,8.15,0.0
2026-09-08T08:00:00+00:00,0.05,0.31,8.11,8.9,0.0
2026-09-08T08:15:00+00:00,0.04,0.0,8.57,8.01,0.0
2026-09-08T08:30:00+00:00,0.62,0.59,9.41,8.35,0.0
2026-09-08T08:45:00+00:00,0.51,0.27,9.88,10.87,0.0
2026-09-08T09:00:00+00:00,0.42,1.17,9.74,10.33,0.0
2026-09-08T09:15:00+00:00,0.34,0.52,8.46,6.77,0.0
2026-09-08T09:30:00+00:00,1.04,0.34,9.43,10.22,0.0
2026-09-08T09:45:00+00:00,0.85,1.84,10.39,11.0,0.0
2026-09-08T10:00:00+00:00,0.7,0.27,10.72,10.78,0.0
2026-09-08T10:15:00+00:00,0.57,0.78,11.57,11.61,0.0
2026-09-08T10:30:00+00:00,0.47,0.67,11.19,11.65,0.0
2026-09-08T10:45:00+00:00,0.39,1.29,11.67,12.3,0.0
2026-09-08T11:00:00+00:00,0.32,0.37,10.98,11.5,0.0
2026-09-08T11:15:00+00:00,0.26,0.19,13.14,12.22,0.0
2026-09-08T11:30:00+00:00,0.21,0.0,14.19,14.04,0.0
2026-09-08T11:45:00+00:00,0.17,0.0,11.95,12.36,0.0
2026-09-08T12:00:00+00:00,0.14,0.95,12.71,13.97,0.0
2026-09-08T12:15:00+00:00,0.12,0.17,14.29,12.89,0.0
2026-09-08T12:30:00+00:00,0.1,0.73,13.7,13.72,0.0
2026-09-08T12:45:00+00:00,0.6,0.93,14.02,12.89,0.0
2026-09-08T13:00:00+00:00,0.49,0.24,15.4,16.02,0.0
2026-09-08T13:15:00+00:00,0.65,0.0,14.54,15.24,0.0
2026-09-08T13:30:00+00:00,0.53,0.44,15.94,16.02,0.0
2026-09-08T13:45:00+00:00,0.44,1.06,15.81,15.43,0.0
2026-09-08T14:00:00+00:00,0.36,0.0,17.17,18.35,0.0
2026-09-08T14:15:00+00:00,0.29,0.36,17.01,18.33,0.0
2026-09-08T14:30:00+00:00,0.24,0.0,16.27,15.99,0.0
2026-09-08T14:45:00+00:00,0.2,0.14,17.57,17.58,0.0
2026-09-08T15:00:00+00:00,0.16,0.6,18.05,18.14,0.0
2026-09-08T15:15:00+00:00,0.13,0.1,17.2,19.13,0.0
2026-09-08T15:30:00+00:00,0.11,0.41,17.17,16.04,0.0
2026-09-08T15:45:00+00:00,0.09,0.0,19.61,19.74,0.0
2026-09-08T16:00:00+00:00,0.07,0.0,18.58,18.19,0.0
2026-09-08T16:15:00+00:00,0.06,0.67,19.53,19.55,0.0
2026-09-08T16:30:00+00:00,0.05,0.0,19.04,19.38,0.0
2026-09-08T16:45:00+00:00,0.04,0.0,18.11,18.1,0.0
2026-09-08T17:00:00+00:00,0.03,0.26,20.11,20.42,0.0
2026-09-08T17:15:00+00:00,0.03,0.02,20.02,20.95,0.0
2026-09-08T17:30:00+00:00,0.02,0.12,19.24,18.85,0.0
2026-09-08T17:45:00+00:00,0.02,0.32,20.27,21.72,0.0
2026-09-08T18:00:00+00:00,0.01,0.48,20.0,20.67,0.0
2026-09-08T18:15:00+00:00,0.01,0.27,19.49,18.86,0.0
2026-09-08T18:30:00+00:00,0.01,0.0,19.52,19.94,0.0
2026-09-08T18:45:00+00:00,0.01,0.0,21.43,21.98,0.0
2026-09-08T19:00:00+00:00,0.01,0.0,20.25,20.66,0.0
2026-09-08T19:15:00+00:00,0.01,0.0,20.56,19.1,0.0
2026-09-08T19:30:00+00:00,0.0,0.0,20.61,19.58,0.0
2026-09-08T19:45:00+00:00,0.0,0.0,21.84,21.22,0.0
2026-09-08T20:00:00+00:00,0.0,0.03,19.86,19.6,0.0
2026-09-08T20:15:00+00:00,0.0,0.39,20.44,19.94,0.0
2026-09-08T20:30:00+00:00,0.0,0.78,18.87,17.58,0.0
2026-09-08T20:45:00+00:00,0.0,0.0,19.15,18.71,0.0
2026-09-08T21:00:00+00:00,0.0,0.0,18.92,19.3,0.0
2026-09-08T21:15:00+00:00,0.0,0.17,19.04,18.26,0.0
2026-09-08T21:30:00+00:00,0.0,0.32,19.82,20.44,0.0
2026-09-08T21:45:00+00:00,0.0,0.0,18.56,19.14,0.0
2026-09-08T22:00:00+00:00,0.0,0.0,18.45,18.8,0.0
2026-09-08T22:15:00+00:00,0.0,0.16,18.7,17.0,0.0
2026-09-08T22:30:00+00:00,0.0,0.12,18.51,19.23,0.0
2026-09-08T22:45:00+00:00,0.0,0.0,17.54,17.18,0.0
2026-09-08T23:00:00+00:00,0.0,0.0,18.13,18.43,0.0
2026-09-08T23:15:00+00:00,0.0,0.0,16.96,17.0,0.0
2026-09-08T23:30:00+00:00,0.0,0.26,16.49,16.67,0.0
2026-09-08T23:45:00+00:00,0.0,0.0,15.98,15.4,0.0
2026-09-09T00:00:00+00:00,0.0,0.3,16.01,15.33,0.0
2026-09-09T00:15:00+00:00,0.0,0.0,14.34,13.76,0.0
2026-09-09T00:30:00+00:00,0.0,0.0,14.97,14.55,0.0
2026-09-09T00:45:00+00:00,0.0,0.0,14.98,15.52,0.0
2026-09-09T01:00:00+00:00,0.0,0.0,15.27,14.21,0.0
2026-09-09T01:15:00+00:00,0.0,0.97,14.61,14.53,0.0
2026-09-09T01:30:00+00:00,0.0,0.0,14.86,14.8,0.0
2026-09-09T01:45:00+00:00,0.0,0.0,13.91,14.65,0.0
2026-09-09T02:00:00+00:00,0.0,0.0,13.06,12.74,0.0
2026-09-09T02:15:00+00:00,0.0,0.34,12.6,12.23,0.0
2026-09-09T02:30:00+00:00,0.12,0.73,11.5,10.37,0.0
2026-09-09T02:45:00+00:00,0.1,0.0,10.17,10.7,0.0
2026-09-09T03:00:00+00:00,0.08,0.0,11.13,10.96,0.0
2026-09-09T03:15:00+00:00,0.07,0.0,11.13,11.82,0.0
2026-09-09T03:30:00+00:00,0.06,0.0,10.53,9.71,0.0
2026-09-09T03:45:00+00:00,0.05,0.39,12.06,11.61,0.0
2026-09-09T04:00:00+00:00,0.04,0.07,10.0,9.4,0.0
2026-09-09T04:15:00+00:00,0.03,0.05,9.13,9.84,0.0
2026-09-09T04:30:00+00:00,0.02,0.84,10.37,10.45,0.0
2026-09-09T04:45:00+00:00,0.02,0.0,8.94,9.57,0.0
